class,detections,files,jpg_files,jpg_size,aspect_ratio,max_areas,bbox_area,bbox_centroid,bbox_x1,bbox_y1,bbox_x2,bbox_y2,times,hours
bird,8,C:\Users\anamk\projects\dataSets\birds.v4i.yolov11\train\labels\raw_1757624525886_area_63_motion_3_jpg.rf.3dd2996bffa33975281f486e865a036e.txt,C:\Users\anamk\projects\dataSets\birds.v4i.yolov11\train\images\raw_1757624525886_area_63_motion_3_jpg.rf.3dd2996bffa33975281f486e865a036e.jpg,"[1920, 1080]",1.7777777777777777,63.0,"[145.8175, 471.2526, 201.9999, 260.0544, 108.1648, 268.304, 291.19860000000006, 233.7501]","[(1382.27, 274.23), (1149.42, 313.04), (1225.33, 259.32), (1215.97, 396.84), (844.79, 401.25), (693.88, 445.09), (740.88, 441.09), (1862.63, 469.15)]","[1376.065, 1137.135, 1217.2949999999998, 1207.73, 839.745, 677.48, 732.285, 1856.795]","[268.355, 303.45000000000005, 253.035, 388.95, 395.89, 441.0, 432.61999999999995, 459.135]","[1388.475, 1161.7050000000002, 1233.365, 1224.21, 849.8349999999999, 710.28, 749.475, 1868.4650000000001]","[280.105, 322.63, 265.605, 404.72999999999996, 406.61, 449.17999999999995, 449.56, 479.16499999999996]",2025-09-11 17:02:05.886000-04:00,17
bird,15,C:\Users\anamk\projects\dataSets\birds.v4i.yolov11\valid\labels\raw_1757624526139_area_86_motion_6_jpg.rf.30d9115d51342bdf5d181fb1f0627f8b.txt,C:\Users\anamk\projects\dataSets\birds.v4i.yolov11\valid\images\raw_1757624526139_area_86_motion_6_jpg.rf.30d9115d51342bdf5d181fb1f0627f8b.jpg,"[1920, 1080]",1.7777777777777777,86.0,"[294.5913, 152.06400000000002, 276.7767, 429.3515, 170.1216, 128.87940000000003, 119.32799999999999, 205.9804, 181.12, 392.6932, 132.70790000000002, 152.2549, 326.205, 299.51899999999995, 204.60580000000002]","[(1516.8, 403.55), (1500.86, 414.32), (1344.51, 430.36), (1224.06, 415.33), (1187.49, 385.07), (1176.02, 453.31), (1160.43, 335.81), (1050.18, 219.83), (1118.92, 179.19), (1295.54, 212.65), (971.48, 371.99), (886.5, 386.83), (786.15, 342.42), (766.99, 396.24), (719.19, 408.15)]","[1504.815, 1494.4599999999998, 1335.115, 1212.635, 1181.55, 1169.975, 1153.8300000000002, 1041.8, 1111.845, 1282.11, 965.695, 879.535, 773.775, 757.665, 711.955]","[397.40500000000003, 408.38, 422.995, 405.935, 377.90999999999997, 447.98, 331.29, 213.685, 172.79, 205.34, 366.255, 381.365, 335.83000000000004, 388.21000000000004, 401.08]","[1528.7849999999999, 1507.26, 1353.905, 1235.485, 1193.43, 1182.065, 1167.03, 1058.5600000000002, 1125.9950000000001, 1308.97, 977.265, 893.465, 798.525, 776.315, 726.4250000000001]","[409.695, 420.26, 437.725, 424.72499999999997, 392.23, 458.64, 340.33, 225.97500000000002, 185.59, 219.96, 377.725, 392.29499999999996, 349.01, 404.27, 415.21999999999997]",2025-09-11 17:02:06.139000-04:00,17
bird,10,C:\Users\anamk\projects\dataSets\birds.v4i.yolov11\train\labels\raw_1757624527598_area_120_motion_9_jpg.rf.a7bdcbf0efc1fa0cede2909b28cce703.txt,C:\Users\anamk\projects\dataSets\birds.v4i.yolov11\train\images\raw_1757624527598_area_120_motion_9_jpg.rf.a7bdcbf0efc1fa0cede2909b28cce703.jpg,"[1920, 1080]",1.7777777777777777,120.0,"[191.88299999999998, 182.92170000000004, 163.89699999999996, 383.26680000000005, 228.04199999999997, 360.24, 130.54000000000002, 124.425, 220.1521, 144.3725]","[(1862.44, 468.85), (1793.62, 72.61), (1362.49, 247.5), (1268.1, 181.9), (863.7, 369.5), (1095.02, 364.71), (1114.47, 337.49), (1594.44, 420.32), (1074.28, 39.8), (457.67, 102.21)]","[1857.43, 1785.715, 1354.715, 1258.7199999999998, 857.5200000000001, 1083.02, 1106.845, 1589.19, 1065.495, 450.95500000000004]","[459.27500000000003, 66.825, 242.23, 171.685, 360.275, 357.205, 333.21000000000004, 414.395, 33.535, 96.835]","[1867.45, 1801.5249999999999, 1370.265, 1277.48, 869.88, 1107.02, 1122.095, 1599.69, 1083.065, 464.385]","[478.425, 78.395, 252.77, 192.115, 378.725, 372.215, 341.77, 426.245, 46.065, 107.585]",2025-09-11 17:02:07.598000-04:00,17
bird,8,C:\Users\anamk\projects\dataSets\birds.v4i.yolov11\test\labels\raw_1757624527778_area_256_motion_11_jpg.rf.6316dcf9de8cdb03b1af23c11ad0a4b2.txt,C:\Users\anamk\projects\dataSets\birds.v4i.yolov11\test\images\raw_1757624527778_area_256_motion_11_jpg.rf.6316dcf9de8cdb03b1af23c11ad0a4b2.jpg,"[1920, 1080]",1.7777777777777777,256.0,"[205.63739999999999, 145.6002, 750.2144000000001, 693.486, 583.253, 568.4424, 483.46, 732.8244]","[(1862.65, 469.82), (1640.62, 346.89), (1282.05, 133.97), (1128.43, 52.83), (1063.18, 253.22), (973.95, 242.28), (726.76, 243.04), (379.45, 12.64)]","[1857.565, 1633.7649999999999, 1263.59, 1110.73, 1047.585, 960.96, 715.26, 357.82]","[459.71, 341.58, 123.81, 43.035, 243.87, 231.34, 232.53, 4.17]","[1867.7350000000001, 1647.475, 1300.51, 1146.13, 1078.775, 986.94, 738.26, 401.08]","[479.93, 352.2, 144.13, 62.625, 262.57, 253.22, 253.54999999999998, 21.11]",2025-09-11 17:02:07.778000-04:00,17
bird,6,C:\Users\anamk\projects\dataSets\birds.v4i.yolov11\test\labels\raw_1757624527975_area_255_motion_13_jpg.rf.783ebd25da0391fc19fe7aafe86b9f7e.txt,C:\Users\anamk\projects\dataSets\birds.v4i.yolov11\test\images\raw_1757624527975_area_255_motion_13_jpg.rf.783ebd25da0391fc19fe7aafe86b9f7e.jpg,"[1920, 1080]",1.7777777777777777,255.0,"[656.5586999999999, 400.98740000000004, 651.6392000000001, 159.0243, 292.6896, 218.13479999999998]","[(618.33, 155.51), (882.9, 161.17), (1036.08, 188.31), (1221.63, 67.5), (1682.18, 290.4), (1861.87, 469.26)]","[604.815, 872.9449999999999, 1016.1399999999999, 1215.075, 1672.345, 1856.56]","[143.36499999999998, 151.1, 180.14000000000001, 61.435, 282.96, 458.99]","[631.845, 892.855, 1056.02, 1228.1850000000002, 1692.015, 1867.1799999999998]","[167.655, 171.23999999999998, 196.48, 73.565, 297.84, 479.53]",2025-09-11 17:02:07.975000-04:00,17
bird,5,C:\Users\anamk\projects\dataSets\birds.v4i.yolov11\valid\labels\raw_1757624528165_area_239_motion_15_jpg.rf.100977ebd5f6f9661cef70ee8e3d8ee9.txt,C:\Users\anamk\projects\dataSets\birds.v4i.yolov11\valid\images\raw_1757624528165_area_239_motion_15_jpg.rf.100977ebd5f6f9661cef70ee8e3d8ee9.jpg,"[1920, 1080]",1.7777777777777777,239.0,"[207.584, 201.7548, 329.115, 696.5035, 396.49499999999995]","[(1862.27, 469.18), (1711.26, 199.97), (984.67, 88.36), (742.77, 63.73), (465.76, 45.73)]","[1857.28, 1704.075, 975.775, 730.175, 455.96999999999997]","[458.78000000000003, 192.95, 79.11, 49.905, 35.605]","[1867.26, 1718.445, 993.5649999999999, 755.365, 475.55]","[479.58, 206.99, 97.61, 77.55499999999999, 55.855]",2025-09-11 17:02:08.165000-04:00,17
bird,2,C:\Users\anamk\projects\dataSets\birds.v4i.yolov11\train\labels\raw_1757626071443_area_99_motion_135_jpg.rf.4110d8328795a8557f00e770afec8aa2.txt,C:\Users\anamk\projects\dataSets\birds.v4i.yolov11\train\images\raw_1757626071443_area_99_motion_135_jpg.rf.4110d8328795a8557f00e770afec8aa2.jpg,"[1920, 1080]",1.7777777777777777,99.0,"[556.5244, 345.8712]","[(1131.63, 413.58), (942.18, 374.07)]","[1120.16, 929.52]","[401.45, 367.24]","[1143.1000000000001, 954.8399999999999]","[425.71, 380.9]",2025-09-11 17:27:51.443000-04:00,17
bird,2,C:\Users\anamk\projects\dataSets\birds.v4i.yolov11\train\labels\raw_1757626071875_area_207_motion_138_jpg.rf.380bd60f1a5a8ebcc0e0c24215dbc081.txt,C:\Users\anamk\projects\dataSets\birds.v4i.yolov11\train\images\raw_1757626071875_area_207_motion_138_jpg.rf.380bd60f1a5a8ebcc0e0c24215dbc081.jpg,"[1920, 1080]",1.7777777777777777,207.0,"[796.4892, 382.935]","[(668.31, 395.75), (484.45, 373.73)]","[655.755, 472.2]","[379.89, 365.915]","[680.8649999999999, 496.7]","[411.61, 381.545]",2025-09-11 17:27:51.875000-04:00,17
bird,16,C:\Users\anamk\projects\dataSets\birds.v4i.yolov11\train\labels\raw_1757702063441_area_84_motion_73_jpg.rf.67ac4eb2112a38f2583906d52001023f.txt,C:\Users\anamk\projects\dataSets\birds.v4i.yolov11\train\images\raw_1757702063441_area_84_motion_73_jpg.rf.67ac4eb2112a38f2583906d52001023f.jpg,"[1920, 1080]",1.7777777777777777,84.0,"[51.253, 47.9889, 83.26, 56.95920000000001, 46.413999999999994, 44.4416, 97.32690000000001, 64.43360000000001, 57.4308, 69.30560000000001, 102.0696, 70.8556, 155.78979999999999, 91.18799999999999, 60.3547, 160.944]","[(1616.36, 429.54), (1500.4, 409.49000000000007), (1406.26, 395.0899999999999), (1376.02, 393.12), (1213.69, 344.11), (1193.62, 366.85), (1147.01, 340.43), (1136.18, 334.42), (1109.34, 308.84), (1088.61, 276.06), (1128.27, 260.44), (1163.91, 285.68), (1287.49, 252.4), (1168.17, 247.52), (1095.19, 229.6), (853.83, 119.67)]","[1611.57, 1496.645, 1401.66, 1371.16, 1208.645, 1189.28, 1142.225, 1130.95, 1103.7749999999999, 1083.1699999999998, 1122.28, 1157.77, 1281.6200000000001, 1163.0700000000002, 1089.905, 848.23]","[426.865, 406.2950000000001, 390.56499999999994, 390.19, 341.81, 364.29, 335.345, 331.34000000000003, 306.26, 272.875, 256.18, 282.795, 245.76500000000001, 243.05, 226.745, 112.485]","[1621.1499999999999, 1504.1550000000002, 1410.86, 1380.8799999999999, 1218.7350000000001, 1197.9599999999998, 1151.795, 1141.41, 1114.905, 1094.05, 1134.26, 1170.0500000000002, 1293.36, 1173.27, 1100.4750000000001, 859.4300000000001]","[432.21500000000003, 412.68500000000006, 399.6149999999999, 396.05, 346.41, 369.41, 345.515, 337.5, 311.41999999999996, 279.245, 264.7, 288.565, 259.035, 251.99, 232.45499999999998, 126.855]",2025-09-12 14:34:23.441000-04:00,14
bird,3,C:\Users\anamk\projects\dataSets\birds.v4i.yolov11\test\labels\raw_1757708813438_area_267_motion_196_jpg.rf.feae17717ab99711bc72dc3c803e52d7.txt,C:\Users\anamk\projects\dataSets\birds.v4i.yolov11\test\images\raw_1757708813438_area_267_motion_196_jpg.rf.feae17717ab99711bc72dc3c803e52d7.jpg,"[1920, 1080]",1.7777777777777777,267.0,"[481.6581, 151.96200000000002, 189.30550000000002]","[(886.47, 390.82), (1681.65, 227.11999999999998), (1706.35, 279.54)]","[875.3050000000001, 1673.48, 1698.495]","[380.03499999999997, 222.46999999999997, 273.51500000000004]","[897.635, 1689.8200000000002, 1714.205]","[401.605, 231.76999999999998, 285.565]",2025-09-12 16:26:53.438000-04:00,16
bird,3,C:\Users\anamk\projects\dataSets\birds.v4i.yolov11\train\labels\raw_1757708813650_area_221_motion_197_jpg.rf.04c29fee8b2114391870e269e7f6c083.txt,C:\Users\anamk\projects\dataSets\birds.v4i.yolov11\train\images\raw_1757708813650_area_221_motion_197_jpg.rf.04c29fee8b2114391870e269e7f6c083.jpg,"[1920, 1080]",1.7777777777777777,221.0,"[418.56080000000003, 84.5374, 135.0675]","[(882.74, 391.22), (1515.79, 231.34), (1547.72, 277.95)]","[873.625, 1509.405, 1541.195]","[379.74, 228.03, 272.775]","[891.855, 1522.175, 1554.2450000000001]","[402.70000000000005, 234.65, 283.125]",2025-09-12 16:26:53.650000-04:00,16
bird,3,C:\Users\anamk\projects\dataSets\birds.v4i.yolov11\train\labels\raw_1757708813822_area_206_motion_198_jpg.rf.a55ab085b4e4cf2f7a763a2279cd9861.txt,C:\Users\anamk\projects\dataSets\birds.v4i.yolov11\train\images\raw_1757708813822_area_206_motion_198_jpg.rf.a55ab085b4e4cf2f7a763a2279cd9861.jpg,"[1920, 1080]",1.7777777777777777,206.0,"[303.548, 151.5272, 139.1925]","[(879.74, 390.57), (1324.46, 250.32), (1358.63, 272.8299999999999)]","[873.265, 1317.0900000000001, 1351.7050000000002]","[378.84999999999997, 245.18, 267.80499999999995]","[886.215, 1331.83, 1365.555]","[402.29, 255.45999999999998, 277.8549999999999]",2025-09-12 16:26:53.822000-04:00,16
bird,3,C:\Users\anamk\projects\dataSets\birds.v4i.yolov11\train\labels\raw_1757708814371_area_196_motion_201_jpg.rf.205e02e8b0a2f826b0512640e11c1e6b.txt,C:\Users\anamk\projects\dataSets\birds.v4i.yolov11\train\images\raw_1757708814371_area_196_motion_201_jpg.rf.205e02e8b0a2f826b0512640e11c1e6b.jpg,"[1920, 1080]",1.7777777777777777,196.0,"[364.17600000000004, 119.43209999999999, 125.15879999999999]","[(880.24, 387.65), (816.84, 261.34), (877.31, 243.21)]","[873.215, 810.2850000000001, 869.9649999999999]","[374.69, 256.78499999999997, 238.95000000000002]","[887.265, 823.395, 884.655]","[400.60999999999996, 265.895, 247.47]",2025-09-12 16:26:54.371000-04:00,16
bird,3,C:\Users\anamk\projects\dataSets\birds.v4i.yolov11\test\labels\raw_1757708814552_area_135_motion_202_jpg.rf.ee0fde9406c6a3629c8a396d972590c0.txt,C:\Users\anamk\projects\dataSets\birds.v4i.yolov11\test\images\raw_1757708814552_area_135_motion_202_jpg.rf.ee0fde9406c6a3629c8a396d972590c0.jpg,"[1920, 1080]",1.7777777777777777,135.0,"[376.4318, 129.3688, 81.618]","[(879.77, 385.35), (633.67, 245.87), (705.55, 227.59)]","[872.985, 626.9599999999999, 698.8599999999999]","[371.48, 241.05, 224.54]","[886.555, 640.38, 712.24]","[399.22, 250.69, 230.64000000000001]",2025-09-12 16:26:54.552000-04:00,16
bird,3,C:\Users\anamk\projects\dataSets\birds.v4i.yolov11\test\labels\raw_1757708814712_area_111_motion_203_jpg.rf.849f6d83fac21dc21994063070e13229.txt,C:\Users\anamk\projects\dataSets\birds.v4i.yolov11\test\images\raw_1757708814712_area_111_motion_203_jpg.rf.849f6d83fac21dc21994063070e13229.jpg,"[1920, 1080]",1.7777777777777777,111.0,"[325.1828, 122.915, 113.22859999999999]","[(879.76, 384.39), (564.01, 229.04), (486.31999999999994, 235.09)]","[873.98, 556.26, 478.43499999999995]","[370.325, 225.075, 231.5]","[885.54, 571.76, 494.2049999999999]","[398.455, 233.005, 238.68]",2025-09-12 16:26:54.712000-04:00,16
bird,2,C:\Users\anamk\projects\dataSets\birds.v4i.yolov11\train\labels\raw_1757708816848_area_98_motion_208_jpg.rf.54253fc0c8edcbd3197328287dbd9ddf.txt,C:\Users\anamk\projects\dataSets\birds.v4i.yolov11\train\images\raw_1757708816848_area_98_motion_208_jpg.rf.54253fc0c8edcbd3197328287dbd9ddf.jpg,"[1920, 1080]",1.7777777777777777,98.0,"[531.6358, 77.4466]","[(878.73, 387.38), (751.18, 331.78)]","[867.9200000000001, 746.01]","[375.085, 328.03499999999997]","[889.54, 756.3499999999999]","[399.675, 335.525]",2025-09-12 16:26:56.848000-04:00,16
bird,2,C:\Users\anamk\projects\dataSets\birds.v4i.yolov11\train\labels\raw_1757708817237_area_159_motion_210_jpg.rf.127adc8b8839524cd499f0c3053b5dce.txt,C:\Users\anamk\projects\dataSets\birds.v4i.yolov11\train\images\raw_1757708817237_area_159_motion_210_jpg.rf.127adc8b8839524cd499f0c3053b5dce.jpg,"[1920, 1080]",1.7777777777777777,159.0,"[590.1142, 41.418]","[(874.68, 389.31), (466.42, 318.88)]","[861.25, 460.52000000000004]","[378.325, 317.125]","[888.1099999999999, 472.32]","[400.295, 320.635]",2025-09-12 16:26:57.237000-04:00,16
bird,2,C:\Users\anamk\projects\dataSets\birds.v4i.yolov11\train\labels\raw_1757709149547_area_192_motion_362_jpg.rf.9173f784993cab0b373396106cff4153.txt,C:\Users\anamk\projects\dataSets\birds.v4i.yolov11\train\images\raw_1757709149547_area_192_motion_362_jpg.rf.9173f784993cab0b373396106cff4153.jpg,"[1920, 1080]",1.7777777777777777,192.0,"[524.2688999999999, 191.6025]","[(673.08, 450.04), (615.56, 454.53)]","[662.385, 609.0649999999999]","[437.785, 447.155]","[683.7750000000001, 622.055]","[462.295, 461.905]",2025-09-12 16:32:29.547000-04:00,16
bird,2,C:\Users\anamk\projects\dataSets\birds.v4i.yolov11\valid\labels\raw_1757709149907_area_114_motion_364_jpg.rf.80c49d5e8f0cbb31d54091bfc5bbfadd.txt,C:\Users\anamk\projects\dataSets\birds.v4i.yolov11\valid\images\raw_1757709149907_area_114_motion_364_jpg.rf.80c49d5e8f0cbb31d54091bfc5bbfadd.jpg,"[1920, 1080]",1.7777777777777777,114.0,"[209.4078, 508.22479999999996]","[(572.85, 422.31000000000006), (673.01, 450.12)]","[566.02, 662.97]","[414.64500000000004, 437.46500000000003]","[579.6800000000001, 683.05]","[429.9750000000001, 462.775]",2025-09-12 16:32:29.907000-04:00,16
bird,2,C:\Users\anamk\projects\dataSets\birds.v4i.yolov11\train\labels\raw_1757709150113_area_113_motion_365_jpg.rf.cb20813faf642fc6660a800e2304e39d.txt,C:\Users\anamk\projects\dataSets\birds.v4i.yolov11\train\images\raw_1757709150113_area_113_motion_365_jpg.rf.cb20813faf642fc6660a800e2304e39d.jpg,"[1920, 1080]",1.7777777777777777,113.0,"[628.6176, 272.289]","[(673.45, 449.56), (557.46, 416.75)]","[661.7700000000001, 549.0300000000001]","[436.105, 408.675]","[685.13, 565.89]","[463.015, 424.825]",2025-09-12 16:32:30.113000-04:00,16
bird,2,C:\Users\anamk\projects\dataSets\birds.v4i.yolov11\train\labels\raw_1757709160202_area_186_motion_370_jpg.rf.6af68480961daaaa2abcbb65b90feacf.txt,C:\Users\anamk\projects\dataSets\birds.v4i.yolov11\train\images\raw_1757709160202_area_186_motion_370_jpg.rf.6af68480961daaaa2abcbb65b90feacf.jpg,"[1920, 1080]",1.7777777777777777,186.0,"[423.4581, 540.8664]","[(525.46, 405.19), (672.92, 450.21)]","[514.815, 662.18]","[395.245, 437.62]","[536.105, 683.66]","[415.135, 462.79999999999995]",2025-09-12 16:32:40.202000-04:00,16
bird,1,C:\Users\anamk\projects\dataSets\birds.v4i.yolov11\valid\labels\raw_1757709316338_area_84_motion_424_jpg.rf.ea2c8c2340fdeffffd6b01ec071c9bf1.txt,C:\Users\anamk\projects\dataSets\birds.v4i.yolov11\valid\images\raw_1757709316338_area_84_motion_424_jpg.rf.ea2c8c2340fdeffffd6b01ec071c9bf1.jpg,"[1920, 1080]",1.7777777777777777,84.0,[238.38359999999997],"[(897.34, 396.34)]",[889.6700000000001],[388.57],[905.01],[404.10999999999996],2025-09-12 16:35:16.338000-04:00,16
bird,2,C:\Users\anamk\projects\dataSets\birds.v4i.yolov11\valid\labels\raw_1757709316548_area_91_motion_425_jpg.rf.86f7379c4833c37ed35e6b19e5e04238.txt,C:\Users\anamk\projects\dataSets\birds.v4i.yolov11\valid\images\raw_1757709316548_area_91_motion_425_jpg.rf.86f7379c4833c37ed35e6b19e5e04238.jpg,"[1920, 1080]",1.7777777777777777,91.0,"[229.65300000000002, 255.11700000000002]","[(897.46, 397.76), (402.43, 455.57)]","[890.745, 395.505]","[389.21, 446.36]","[904.1750000000001, 409.355]","[406.31, 464.78]",2025-09-12 16:35:16.548000-04:00,16
bird,2,C:\Users\anamk\projects\dataSets\birds.v4i.yolov11\train\labels\raw_1757709317366_area_215_motion_433_jpg.rf.42fa69230fa56149c07c46a0b91aa396.txt,C:\Users\anamk\projects\dataSets\birds.v4i.yolov11\train\images\raw_1757709317366_area_215_motion_433_jpg.rf.42fa69230fa56149c07c46a0b91aa396.jpg,"[1920, 1080]",1.7777777777777777,215.0,"[650.1636, 236.534]","[(902.71, 388.55), (389.32, 455.04)]","[888.625, 383.645]","[377.01, 444.62]","[916.7950000000001, 394.995]","[400.09000000000003, 465.46000000000004]",2025-09-12 16:35:17.366000-04:00,16
bird,2,C:\Users\anamk\projects\dataSets\birds.v4i.yolov11\train\labels\raw_1757709317826_area_216_motion_437_jpg.rf.d22214cb51d8792feb96c8d804e510e5.txt,C:\Users\anamk\projects\dataSets\birds.v4i.yolov11\train\images\raw_1757709317826_area_216_motion_437_jpg.rf.d22214cb51d8792feb96c8d804e510e5.jpg,"[1920, 1080]",1.7777777777777777,216.0,"[768.4146000000001, 358.4082]","[(904.69, 388.08), (372.41, 456.09)]","[890.0200000000001, 365.98]","[374.98499999999996, 442.155]","[919.36, 378.84000000000003]","[401.175, 470.025]",2025-09-12 16:35:17.826000-04:00,16
bird,2,C:\Users\anamk\projects\dataSets\birds.v4i.yolov11\valid\labels\raw_1757709318036_area_175_motion_439_jpg.rf.3a0172944c58c9d90dbc5637c9ce53f0.txt,C:\Users\anamk\projects\dataSets\birds.v4i.yolov11\valid\images\raw_1757709318036_area_175_motion_439_jpg.rf.3a0172944c58c9d90dbc5637c9ce53f0.jpg,"[1920, 1080]",1.7777777777777777,175.0,"[651.5806, 311.80479999999994]","[(907.0, 387.5), (364.09, 451.79)]","[893.895, 357.08]","[375.07, 440.67]","[920.105, 371.09999999999997]","[399.93, 462.91]",2025-09-12 16:35:18.036000-04:00,16
bird,2,C:\Users\anamk\projects\dataSets\birds.v4i.yolov11\valid\labels\raw_1757709319752_area_223_motion_449_jpg.rf.014ba83d3da866642501a3efd6ae9584.txt,C:\Users\anamk\projects\dataSets\birds.v4i.yolov11\valid\images\raw_1757709319752_area_223_motion_449_jpg.rf.014ba83d3da866642501a3efd6ae9584.jpg,"[1920, 1080]",1.7777777777777777,223.0,"[594.043, 548.573]","[(909.93, 383.87), (341.11, 444.66)]","[897.3549999999999, 331.33500000000004]","[372.06, 430.63000000000005]","[922.505, 350.885]","[395.68, 458.69]",2025-09-12 16:35:19.752000-04:00,16
bird,2,C:\Users\anamk\projects\dataSets\birds.v4i.yolov11\train\labels\raw_1757709319946_area_207_motion_450_jpg.rf.bf63cbc591d10844449e17e2d4710353.txt,C:\Users\anamk\projects\dataSets\birds.v4i.yolov11\train\images\raw_1757709319946_area_207_motion_450_jpg.rf.bf63cbc591d10844449e17e2d4710353.jpg,"[1920, 1080]",1.7777777777777777,207.0,"[557.1855, 648.3068]","[(909.82, 384.68), (342.22, 444.18)]","[897.355, 331.05]","[373.505, 429.67]","[922.2850000000001, 353.39000000000004]","[395.855, 458.69]",2025-09-12 16:35:19.946000-04:00,16
bird,3,C:\Users\anamk\projects\dataSets\birds.v4i.yolov11\train\labels\raw_1757709320910_area_83_motion_451_jpg.rf.dbe30d2a9f5d1a64c32c79fcd4300ee7.txt,C:\Users\anamk\projects\dataSets\birds.v4i.yolov11\train\images\raw_1757709320910_area_83_motion_451_jpg.rf.dbe30d2a9f5d1a64c32c79fcd4300ee7.jpg,"[1920, 1080]",1.7777777777777777,83.0,"[609.5716000000001, 572.6790000000001, 843.057]","[(909.34, 383.88), (462.68, 462.38), (344.01, 445.28)]","[897.35, 452.83, 329.86]","[371.17, 447.84499999999997, 430.385]","[921.33, 472.53000000000003, 358.15999999999997]","[396.59, 476.915, 460.17499999999995]",2025-09-12 16:35:20.910000-04:00,16
negative,0,C:\Users\anamk\projects\dataSets\birds.v4i.yolov11\train\labels\negative_1758299630947_area_0_1.txt,C:\Users\anamk\projects\dataSets\birds.v4i.yolov11\train\images\negative_1758299630947_area_0_1.jpg,"[1920, 1080]",1.7777777777777777,0.0,[],[],[],[],[],[],2025-09-19 12:33:50.947000-04:00,12
bird,3,C:\Users\anamk\projects\dataSets\birds.v4i.yolov11\train\labels\detectRaw_1758299837192_area_255_motion_8_jpg.rf.c3acf1f4ec53d147abeb0a053c2b886f.txt,C:\Users\anamk\projects\dataSets\birds.v4i.yolov11\train\images\detectRaw_1758299837192_area_255_motion_8_jpg.rf.c3acf1f4ec53d147abeb0a053c2b886f.jpg,"[1920, 1080]",1.7777777777777777,255.0,"[292.94, 126.17899999999999, 118.2446]","[(1784.7, 24.35), (1855.86, 253.99), (1893.14, 236.81)]","[1775.0, 1850.135, 1887.775]","[16.8, 248.48000000000002, 231.3]","[1794.4, 1861.5849999999998, 1898.505]","[31.900000000000002, 259.5, 242.32]",2025-09-19 12:37:17.192000-04:00,12
bird,3,C:\Users\anamk\projects\dataSets\birds.v4i.yolov11\test\labels\detectRaw_1758299837353_area_264_motion_9_jpg.rf.6b33da923f34310915894a39860fa1a8.txt,C:\Users\anamk\projects\dataSets\birds.v4i.yolov11\test\images\detectRaw_1758299837353_area_264_motion_9_jpg.rf.6b33da923f34310915894a39860fa1a8.jpg,"[1920, 1080]",1.7777777777777777,264.0,"[302.08000000000004, 144.78, 133.75]","[(1670.1, 89.4), (1742.3, 270.65), (1791.95, 255.05)]","[1658.3, 1736.6, 1786.6000000000001]","[83.0, 264.29999999999995, 248.8]","[1681.8999999999999, 1748.0, 1797.3]","[95.80000000000001, 277.0, 261.3]",2025-09-19 12:37:17.353000-04:00,12
bird,3,C:\Users\anamk\projects\dataSets\birds.v4i.yolov11\test\labels\detectRaw_1758299837732_area_154_motion_10_jpg.rf.a7b519b978cf0e44404b31d7f907cfda.txt,C:\Users\anamk\projects\dataSets\birds.v4i.yolov11\test\images\detectRaw_1758299837732_area_154_motion_10_jpg.rf.a7b519b978cf0e44404b31d7f907cfda.jpg,"[1920, 1080]",1.7777777777777777,154.0,"[200.60490000000001, 139.92, 62.160000000000004]","[(1484.91, 190.89), (1559.3, 313.2), (1627.9, 307.1)]","[1472.9550000000002, 1552.7, 1623.7]","[186.695, 307.9, 303.40000000000003]","[1496.865, 1565.8999999999999, 1632.1000000000001]","[195.08499999999998, 318.5, 310.8]",2025-09-19 12:37:17.732000-04:00,12
bird,3,C:\Users\anamk\projects\dataSets\birds.v4i.yolov11\valid\labels\detectRaw_1758299838492_area_132_motion_11_jpg.rf.65a0a3a86ef4acd51e638c68b14c5666.txt,C:\Users\anamk\projects\dataSets\birds.v4i.yolov11\valid\images\detectRaw_1758299838492_area_132_motion_11_jpg.rf.65a0a3a86ef4acd51e638c68b14c5666.jpg,"[1920, 1080]",1.7777777777777777,132.0,"[255.4896, 103.0407, 94.4944]","[(1156.46, 359.93), (1252.17, 453.49), (1329.99, 430.17)]","[1147.875, 1246.875, 1324.985]","[352.49, 448.625, 425.45]","[1165.045, 1257.4650000000001, 1334.9950000000001]","[367.37, 458.355, 434.89000000000004]",2025-09-19 12:37:18.492000-04:00,12
negative,0,C:\Users\anamk\projects\dataSets\birds.v4i.yolov11\valid\labels\negative_1758301251556_area_0_10.txt,C:\Users\anamk\projects\dataSets\birds.v4i.yolov11\valid\images\negative_1758301251556_area_0_10.jpg,"[1920, 1080]",1.7777777777777777,0.0,[],[],[],[],[],[],2025-09-19 13:00:51.556000-04:00,13
negative,0,C:\Users\anamk\projects\dataSets\birds.v4i.yolov11\train\labels\negative_1758301611571_area_0_12.txt,C:\Users\anamk\projects\dataSets\birds.v4i.yolov11\train\images\negative_1758301611571_area_0_12.jpg,"[1920, 1080]",1.7777777777777777,0.0,[],[],[],[],[],[],2025-09-19 13:06:51.571000-04:00,13
negative,0,C:\Users\anamk\projects\dataSets\birds.v4i.yolov11\train\labels\negative_1758301971781_area_0_14.txt,C:\Users\anamk\projects\dataSets\birds.v4i.yolov11\train\images\negative_1758301971781_area_0_14.jpg,"[1920, 1080]",1.7777777777777777,0.0,[],[],[],[],[],[],2025-09-19 13:12:51.781000-04:00,13
bird,1,C:\Users\anamk\projects\dataSets\birds.v4i.yolov11\train\labels\detectRaw_1758470039678_area_224_motion_1_jpg.rf.687a8fda888ccefdf16b8bd57da799e5.txt,C:\Users\anamk\projects\dataSets\birds.v4i.yolov11\train\images\detectRaw_1758470039678_area_224_motion_1_jpg.rf.687a8fda888ccefdf16b8bd57da799e5.jpg,"[1920, 1080]",1.7777777777777777,224.0,[747.4665],"[(401.16, 542.12)]",[388.435],[527.4350000000001],[413.88500000000005],[556.805],2025-09-21 11:53:59.678000-04:00,11
negative,0,C:\Users\anamk\projects\dataSets\birds.v4i.yolov11\train\labels\negative_1758470754528_area_0_3.txt,C:\Users\anamk\projects\dataSets\birds.v4i.yolov11\train\images\negative_1758470754528_area_0_3.jpg,"[1920, 1080]",1.7777777777777777,0.0,[],[],[],[],[],[],2025-09-21 12:05:54.528000-04:00,12
bird,2,C:\Users\anamk\projects\dataSets\birds.v4i.yolov11\test\labels\detectRaw_1758537508640_area_161_motion_1_jpg.rf.655df628bf15857b0aa80032c743b51c.txt,C:\Users\anamk\projects\dataSets\birds.v4i.yolov11\test\images\detectRaw_1758537508640_area_161_motion_1_jpg.rf.655df628bf15857b0aa80032c743b51c.jpg,"[1920, 1080]",1.7777777777777777,161.0,"[451.2564, 268.26800000000003]","[(1830.91, 292.09), (1760.33, 374.92)]","[1813.13, 1750.9499999999998]","[285.74499999999995, 367.77000000000004]","[1848.69, 1769.71]","[298.435, 382.07]",2025-09-22 06:38:28.640000-04:00,6
bird,2,C:\Users\anamk\projects\dataSets\birds.v4i.yolov11\test\labels\detectRaw_1758537508805_area_112_motion_2_jpg.rf.456b5a03f837c4e8428c279eb186f022.txt,C:\Users\anamk\projects\dataSets\birds.v4i.yolov11\test\images\detectRaw_1758537508805_area_112_motion_2_jpg.rf.456b5a03f837c4e8428c279eb186f022.jpg,"[1920, 1080]",1.7777777777777777,112.0,"[437.18170000000003, 355.881]","[(1754.78, 359.88), (1815.07, 275.38)]","[1740.595, 1803.7]","[352.175, 267.555]","[1768.965, 1826.4399999999998]","[367.585, 283.205]",2025-09-22 06:38:28.805000-04:00,6
bird,2,C:\Users\anamk\projects\dataSets\birds.v4i.yolov11\valid\labels\detectRaw_1758537508957_area_210_motion_3_jpg.rf.2eca010474a889ffe14eeb9f7aed9af7.txt,C:\Users\anamk\projects\dataSets\birds.v4i.yolov11\valid\images\detectRaw_1758537508957_area_210_motion_3_jpg.rf.2eca010474a889ffe14eeb9f7aed9af7.jpg,"[1920, 1080]",1.7777777777777777,210.0,"[260.24809999999997, 504.76920000000007]","[(1740.82, 343.09), (1794.51, 257.78)]","[1730.435, 1777.48]","[336.825, 250.36999999999998]","[1751.205, 1811.54]","[349.35499999999996, 265.19]",2025-09-22 06:38:28.957000-04:00,6
bird,2,C:\Users\anamk\projects\dataSets\birds.v4i.yolov11\valid\labels\detectRaw_1758537509479_area_174_motion_4_jpg.rf.0be69b0861746ab0f132421eec0e71a0.txt,C:\Users\anamk\projects\dataSets\birds.v4i.yolov11\valid\images\detectRaw_1758537509479_area_174_motion_4_jpg.rf.0be69b0861746ab0f132421eec0e71a0.jpg,"[1920, 1080]",1.7777777777777777,174.0,"[379.96000000000004, 487.8018]","[(1723.4, 285.25), (1722.88, 191.18)]","[1711.6000000000001, 1702.315]","[277.2, 185.25]","[1735.2, 1743.4450000000002]","[293.3, 197.11]",2025-09-22 06:38:29.479000-04:00,6
bird,2,C:\Users\anamk\projects\dataSets\birds.v4i.yolov11\train\labels\detectRaw_1758537510141_area_175_motion_5_jpg.rf.361d37c9aec8fdf4cd7357a678608d09.txt,C:\Users\anamk\projects\dataSets\birds.v4i.yolov11\train\images\detectRaw_1758537510141_area_175_motion_5_jpg.rf.361d37c9aec8fdf4cd7357a678608d09.jpg,"[1920, 1080]",1.7777777777777777,175.0,"[581.8865999999999, 464.31]","[(1633.47, 105.08), (1732.52, 209.83)]","[1616.535, 1713.27]","[96.49, 203.8]","[1650.405, 1751.77]","[113.67, 215.86]",2025-09-22 06:38:30.141000-04:00,6
bird,2,C:\Users\anamk\projects\dataSets\birds.v4i.yolov11\train\labels\detectRaw_1758537510293_area_187_motion_6_jpg.rf.5784aeda995357b955f1f20f1a5bb05d.txt,C:\Users\anamk\projects\dataSets\birds.v4i.yolov11\train\images\detectRaw_1758537510293_area_187_motion_6_jpg.rf.5784aeda995357b955f1f20f1a5bb05d.jpg,"[1920, 1080]",1.7777777777777777,187.0,"[526.0110000000001, 512.168]","[(1610.22, 75.86), (1735.52, 184.83)]","[1594.045, 1720.92]","[67.73, 176.06]","[1626.395, 1750.12]","[83.99, 193.60000000000002]",2025-09-22 06:38:30.293000-04:00,6
bird,2,C:\Users\anamk\projects\dataSets\birds.v4i.yolov11\train\labels\detectRaw_1758537510574_area_420_motion_7_jpg.rf.e73cbcbd0489b317c6fcd8c78c1e19b5.txt,C:\Users\anamk\projects\dataSets\birds.v4i.yolov11\train\images\detectRaw_1758537510574_area_420_motion_7_jpg.rf.e73cbcbd0489b317c6fcd8c78c1e19b5.jpg,"[1920, 1080]",1.7777777777777777,420.0,"[662.7039999999998, 591.3599999999999]","[(1567.31, 29.72), (1747.8, 139.0)]","[1550.23, 1732.3999999999999]","[20.02, 129.4]","[1584.3899999999999, 1763.2]","[39.42, 148.6]",2025-09-22 06:38:30.574000-04:00,6
bird,2,C:\Users\anamk\projects\dataSets\birds.v4i.yolov11\test\labels\detectRaw_1758537510711_area_276_motion_8_jpg.rf.2abdce3e4f22044de96c892e132f2561.txt,C:\Users\anamk\projects\dataSets\birds.v4i.yolov11\test\images\detectRaw_1758537510711_area_276_motion_8_jpg.rf.2abdce3e4f22044de96c892e132f2561.jpg,"[1920, 1080]",1.7777777777777777,276.0,"[549.988, 639.2]","[(1752.75, 122.73), (1545.7, 14.199999999999998)]","[1737.43, 1528.7]","[113.75500000000001, 4.799999999999997]","[1768.07, 1562.7]","[131.705, 23.599999999999998]",2025-09-22 06:38:30.711000-04:00,6
bird,3,C:\Users\anamk\projects\dataSets\birds.v4i.yolov11\train\labels\detectRaw_1758538724194_area_210_motion_46_jpg.rf.04c4b56631718f305a669cb7c6644a0b.txt,C:\Users\anamk\projects\dataSets\birds.v4i.yolov11\train\images\detectRaw_1758538724194_area_210_motion_46_jpg.rf.04c4b56631718f305a669cb7c6644a0b.jpg,"[1920, 1080]",1.7777777777777777,210.0,"[306.9003, 282.9905, 180.88]","[(1179.18, 74.07), (1207.84, 29.88), (995.1999999999999, 8.9)]","[1166.795, 1195.0349999999999, 983.3]","[67.875, 24.354999999999997, 5.1000000000000005]","[1191.565, 1220.645, 1007.0999999999999]","[80.26499999999999, 35.405, 12.7]",2025-09-22 06:58:44.194000-04:00,6
bird,7,C:\Users\anamk\projects\dataSets\birds.v4i.yolov11\train\labels\detectRaw_1758538900629_area_224_motion_49_jpg.rf.e790d9457f0d2841d0bc2dd863daf2af.txt,C:\Users\anamk\projects\dataSets\birds.v4i.yolov11\train\images\detectRaw_1758538900629_area_224_motion_49_jpg.rf.e790d9457f0d2841d0bc2dd863daf2af.jpg,"[1920, 1080]",1.7777777777777777,224.0,"[323.7611, 36.098400000000005, 73.48119999999999, 35.838, 35.898, 23.038400000000003, 36.08]","[(1272.11, 426.62), (1258.99, 131.83), (1274.51, 145.72), (1278.13, 167.87), (1310.06, 164.91), (1318.15, 160.14), (1396.3, 194.7)]","[1262.3049999999998, 1255.43, 1269.075, 1274.5100000000002, 1305.4099999999999, 1315.0700000000002, 1392.2]","[418.365, 129.29500000000002, 142.34, 165.395, 162.98, 158.26999999999998, 192.5]","[1281.915, 1262.55, 1279.945, 1281.75, 1314.71, 1321.23, 1400.3999999999999]","[434.875, 134.365, 149.1, 170.345, 166.84, 162.01, 196.89999999999998]",2025-09-22 07:01:40.629000-04:00,7
bird,7,C:\Users\anamk\projects\dataSets\birds.v4i.yolov11\train\labels\detectRaw_1758538900775_area_270_motion_50_jpg.rf.fd188025a5e3d3f36f232a5d314dcb78.txt,C:\Users\anamk\projects\dataSets\birds.v4i.yolov11\train\images\detectRaw_1758538900775_area_270_motion_50_jpg.rf.fd188025a5e3d3f36f232a5d314dcb78.jpg,"[1920, 1080]",1.7777777777777777,270.0,"[721.6516999999999, 31.95, 50.760000000000005, 48.510000000000005, 42.16, 46.2, 29.04]","[(1410.98, 397.06), (1229.05, 143.95), (1241.3, 159.8), (1246.55, 183.05), (1276.8, 178.3), (1285.8, 175.35), (1366.4, 207.2)]","[1398.315, 1225.5, 1236.6, 1241.6, 1273.3999999999999, 1281.6, 1363.1000000000001]","[382.815, 141.7, 157.10000000000002, 180.60000000000002, 175.20000000000002, 172.6, 205.0]","[1423.645, 1232.6, 1246.0, 1251.5, 1280.2, 1290.0, 1369.7]","[411.305, 146.2, 162.5, 185.5, 181.4, 178.1, 209.39999999999998]",2025-09-22 07:01:40.775000-04:00,7
bird,6,C:\Users\anamk\projects\dataSets\birds.v4i.yolov11\train\labels\detectRaw_1758538901047_area_242_motion_51_jpg.rf.aefd193f1307bb3e4d97a09ce1dde819.txt,C:\Users\anamk\projects\dataSets\birds.v4i.yolov11\train\images\detectRaw_1758538901047_area_242_motion_51_jpg.rf.aefd193f1307bb3e4d97a09ce1dde819.jpg,"[1920, 1080]",1.7777777777777777,242.0,"[252.19199999999998, 42.75, 52.92000000000001, 41.48, 39.519999999999996, 44.83999999999999]","[(1648.93, 379.78), (1187.25, 163.05), (1198.3, 181.6), (1203.7, 206.25), (1234.8, 200.6), (1244.4, 193.85)]","[1637.8300000000002, 1182.5, 1193.3999999999999, 1200.3, 1229.6, 1240.6000000000001]","[374.09999999999997, 160.8, 178.9, 203.2, 198.7, 190.9]","[1660.03, 1192.0, 1203.2, 1207.1000000000001, 1240.0, 1248.2]","[385.46, 165.3, 184.29999999999998, 209.3, 202.5, 196.79999999999998]",2025-09-22 07:01:41.047000-04:00,7
bird,7,C:\Users\anamk\projects\dataSets\birds.v4i.yolov11\train\labels\detectRaw_1758538901189_area_280_motion_52_jpg.rf.81ff031d316e7786e40eb7a0f886341d.txt,C:\Users\anamk\projects\dataSets\birds.v4i.yolov11\train\images\detectRaw_1758538901189_area_280_motion_52_jpg.rf.81ff031d316e7786e40eb7a0f886341d.jpg,"[1920, 1080]",1.7777777777777777,280.0,"[364.2795, 40.368900000000004, 25.2343, 40.0554, 41.1642, 35.1747, 28.314]","[(1832.62, 365.98), (1157.38, 176.98), (1167.94, 196.71), (1174.63, 223.29), (1204.67, 213.13), (1214.91, 205.7), (1298.12, 242.68)]","[1819.945, 1152.6750000000002, 1164.885, 1171.1650000000002, 1201.2050000000002, 1211.775, 1294.82]","[358.795, 174.83499999999998, 194.645, 220.4, 210.16, 202.89499999999998, 240.535]","[1845.2949999999998, 1162.085, 1170.9950000000001, 1178.095, 1208.135, 1218.045, 1301.4199999999998]","[373.165, 179.125, 198.775, 226.17999999999998, 216.1, 208.505, 244.82500000000002]",2025-09-22 07:01:41.189000-04:00,7
bird,1,C:\Users\anamk\projects\dataSets\birds.v4i.yolov11\train\labels\detectRaw_1758540012631_area_702_motion_62_jpg.rf.c326944b0dcc0a748b43d48e537ae14b.txt,C:\Users\anamk\projects\dataSets\birds.v4i.yolov11\train\images\detectRaw_1758540012631_area_702_motion_62_jpg.rf.c326944b0dcc0a748b43d48e537ae14b.jpg,"[1920, 1080]",1.7777777777777777,702.0,[1948.7811000000002],"[(957.6, 475.82)]",[920.955],[462.525],[994.245],[489.115],2025-09-22 07:20:12.631000-04:00,7
bird,1,C:\Users\anamk\projects\dataSets\birds.v4i.yolov11\train\labels\detectRaw_1758540014694_area_4480_motion_65_jpg.rf.4b1acaf6ddd4cfbde99d625b9628aa7b.txt,C:\Users\anamk\projects\dataSets\birds.v4i.yolov11\train\images\detectRaw_1758540014694_area_4480_motion_65_jpg.rf.4b1acaf6ddd4cfbde99d625b9628aa7b.jpg,"[1920, 1080]",1.7777777777777777,4480.0,[6799.2848],"[(942.08, 1046.26)]",[891.7],[1012.52],[992.46],[1080.0],2025-09-22 07:20:14.694000-04:00,7
bird,1,C:\Users\anamk\projects\dataSets\birds.v4i.yolov11\train\labels\detectRaw_1758540030499_area_130_motion_68_jpg.rf.4456fd5a331b3bc27ad84c6419a14dd0.txt,C:\Users\anamk\projects\dataSets\birds.v4i.yolov11\train\images\detectRaw_1758540030499_area_130_motion_68_jpg.rf.4456fd5a331b3bc27ad84c6419a14dd0.jpg,"[1920, 1080]",1.7777777777777777,130.0,[664.1754000000001],"[(1194.26, 834.28)]",[1170.89],[827.175],[1217.6299999999999],[841.385],2025-09-22 07:20:30.499000-04:00,7
bird,1,C:\Users\anamk\projects\dataSets\birds.v4i.yolov11\train\labels\detectRaw_1758540037309_area_224_motion_72_jpg.rf.7243428949d77bcf476b361359b4a0b4.txt,C:\Users\anamk\projects\dataSets\birds.v4i.yolov11\train\images\detectRaw_1758540037309_area_224_motion_72_jpg.rf.7243428949d77bcf476b361359b4a0b4.jpg,"[1920, 1080]",1.7777777777777777,224.0,[721.644],"[(967.3099999999998, 934.51)]",[943.8799999999999],[926.81],[990.7399999999998],[942.21],2025-09-22 07:20:37.309000-04:00,7
bird,2,C:\Users\anamk\projects\dataSets\birds.v4i.yolov11\train\labels\detectRaw_1758540124150_area_1440_motion_82_jpg.rf.6c9c5556ccecd2a94095068e9a9a0156.txt,C:\Users\anamk\projects\dataSets\birds.v4i.yolov11\train\images\detectRaw_1758540124150_area_1440_motion_82_jpg.rf.6c9c5556ccecd2a94095068e9a9a0156.jpg,"[1920, 1080]",1.7777777777777777,1440.0,"[2827.4247, 1470.56]","[(1191.48, 891.29), (1773.7, 898.9)]","[1167.425, 1753.5]","[861.905, 880.6999999999999]","[1215.535, 1793.9]","[920.675, 917.1]",2025-09-22 07:22:04.150000-04:00,7
bird,1,C:\Users\anamk\projects\dataSets\birds.v4i.yolov11\test\labels\detectRaw_1758540124852_area_4588_motion_84_jpg.rf.c182164ffda39ec4b96119b82efae0aa.txt,C:\Users\anamk\projects\dataSets\birds.v4i.yolov11\test\images\detectRaw_1758540124852_area_4588_motion_84_jpg.rf.c182164ffda39ec4b96119b82efae0aa.jpg,"[1920, 1080]",1.7777777777777777,4588.0,[4608.8082],"[(801.29, 652.64)]",[770.375],[615.37],[832.2049999999999],[689.91],2025-09-22 07:22:04.852000-04:00,7
bird,2,C:\Users\anamk\projects\dataSets\birds.v4i.yolov11\train\labels\detectRaw_1758540125002_area_4081_motion_85_jpg.rf.347db2f7ba987ba5219f1de1cf99a457.txt,C:\Users\anamk\projects\dataSets\birds.v4i.yolov11\train\images\detectRaw_1758540125002_area_4081_motion_85_jpg.rf.347db2f7ba987ba5219f1de1cf99a457.jpg,"[1920, 1080]",1.7777777777777777,4081.0,"[4186.6188, 768.0923]","[(672.92, 539.54), (1278.97, 605.13)]","[634.6999999999999, 1261.7250000000001]","[512.155, 593.995]","[711.14, 1296.215]","[566.925, 616.265]",2025-09-22 07:22:05.002000-04:00,7
bird,2,C:\Users\anamk\projects\dataSets\birds.v4i.yolov11\train\labels\detectRaw_1758540125167_area_2744_motion_86_jpg.rf.c95fabb348cdc6a86ab7882db7df2e3e.txt,C:\Users\anamk\projects\dataSets\birds.v4i.yolov11\train\images\detectRaw_1758540125167_area_2744_motion_86_jpg.rf.c95fabb348cdc6a86ab7882db7df2e3e.jpg,"[1920, 1080]",1.7777777777777777,2744.0,"[2851.92, 973.5]","[(588.68, 442.76), (1142.4, 568.35)]","[563.18, 1124.7]","[414.8, 554.6]","[614.18, 1160.1000000000001]","[470.71999999999997, 582.1]",2025-09-22 07:22:05.167000-04:00,7
bird,2,C:\Users\anamk\projects\dataSets\birds.v4i.yolov11\train\labels\detectRaw_1758540125308_area_3782_motion_87_jpg.rf.62d6a302a440a4d0813321fbdcb2405c.txt,C:\Users\anamk\projects\dataSets\birds.v4i.yolov11\train\images\detectRaw_1758540125308_area_3782_motion_87_jpg.rf.62d6a302a440a4d0813321fbdcb2405c.jpg,"[1920, 1080]",1.7777777777777777,3782.0,"[4002.8899999999994, 893.9916000000001]","[(478.25, 340.55), (966.9300000000001, 529.66)]","[445.6, 948.9350000000001]","[309.90000000000003, 517.24]","[510.9, 984.9250000000001]","[371.2, 542.0799999999999]",2025-09-22 07:22:05.308000-04:00,7
bird,2,C:\Users\anamk\projects\dataSets\birds.v4i.yolov11\train\labels\detectRaw_1758540125471_area_2240_motion_88_jpg.rf.501231b4a199d7959c0855e9ae6725e9.txt,C:\Users\anamk\projects\dataSets\birds.v4i.yolov11\train\images\detectRaw_1758540125471_area_2240_motion_88_jpg.rf.501231b4a199d7959c0855e9ae6725e9.jpg,"[1920, 1080]",1.7777777777777777,2240.0,"[2134.9674, 895.62]","[(390.98, 266.63), (823.7, 506.25)]","[374.69, 806.0]","[233.865, 493.6]","[407.27000000000004, 841.4000000000001]","[299.395, 518.9]",2025-09-22 07:22:05.471000-04:00,7
bird,1,C:\Users\anamk\projects\dataSets\birds.v4i.yolov11\train\labels\detectRaw_1758540150264_area_156_motion_104_jpg.rf.7f994a12c19d3bfe07e0ba0f5c87dddd.txt,C:\Users\anamk\projects\dataSets\birds.v4i.yolov11\train\images\detectRaw_1758540150264_area_156_motion_104_jpg.rf.7f994a12c19d3bfe07e0ba0f5c87dddd.jpg,"[1920, 1080]",1.7777777777777777,156.0,[793.0792],"[(1888.32, 599.67)]",[1870.8049999999998],[588.3499999999999],[1905.835],[610.99],2025-09-22 07:22:30.264000-04:00,7
bird,2,C:\Users\anamk\projects\dataSets\birds.v4i.yolov11\train\labels\detectRaw_1758540300135_area_1920_motion_139_jpg.rf.e4ade7aeb9ffe165c00f7fce291857ca.txt,C:\Users\anamk\projects\dataSets\birds.v4i.yolov11\train\images\detectRaw_1758540300135_area_1920_motion_139_jpg.rf.e4ade7aeb9ffe165c00f7fce291857ca.jpg,"[1920, 1080]",1.7777777777777777,1920.0,"[2217.108, 1988.712]","[(1774.91, 510.01), (1887.8, 453.93)]","[1747.21, 1862.69]","[490.0, 434.13]","[1802.6100000000001, 1912.9099999999999]","[530.02, 473.73]",2025-09-22 07:25:00.135000-04:00,7
bird,1,C:\Users\anamk\projects\dataSets\birds.v4i.yolov11\train\labels\detectRaw_1758540316152_area_220_motion_150_jpg.rf.aab9e770923ba181550adfb3649de9e4.txt,C:\Users\anamk\projects\dataSets\birds.v4i.yolov11\train\images\detectRaw_1758540316152_area_220_motion_150_jpg.rf.aab9e770923ba181550adfb3649de9e4.jpg,"[1920, 1080]",1.7777777777777777,220.0,[1458.1606],"[(1690.61, 659.13)]",[1666.54],[643.985],[1714.6799999999998],[674.275],2025-09-22 07:25:16.152000-04:00,7
bird,1,C:\Users\anamk\projects\dataSets\birds.v4i.yolov11\train\labels\detectRaw_1758540316677_area_816_motion_152_jpg.rf.1cabb11166544810127a9e4894c2004b.txt,C:\Users\anamk\projects\dataSets\birds.v4i.yolov11\train\images\detectRaw_1758540316677_area_816_motion_152_jpg.rf.1cabb11166544810127a9e4894c2004b.jpg,"[1920, 1080]",1.7777777777777777,816.0,[2558.9304],"[(1371.85, 753.92)]",[1343.81],[731.1049999999999],[1399.8899999999999],[776.735],2025-09-22 07:25:16.677000-04:00,7
bird,2,C:\Users\anamk\projects\dataSets\birds.v4i.yolov11\train\labels\detectRaw_1758540454957_area_3300_motion_244_jpg.rf.0c3b814603f287b3b6e1e2c2b8a96cc1.txt,C:\Users\anamk\projects\dataSets\birds.v4i.yolov11\train\images\detectRaw_1758540454957_area_3300_motion_244_jpg.rf.0c3b814603f287b3b6e1e2c2b8a96cc1.jpg,"[1920, 1080]",1.7777777777777777,3300.0,"[1353.0566000000001, 396.66]","[(628.6, 416.8), (660.52, 424.21000000000004)]","[603.855, 649.52]","[403.13, 415.19500000000005]","[653.345, 671.52]","[430.47, 433.225]",2025-09-22 07:27:34.957000-04:00,7
bird,2,C:\Users\anamk\projects\dataSets\birds.v4i.yolov11\test\labels\detectRaw_1758540455240_area_1292_motion_246_jpg.rf.dd26ade87fe8044da424ab9dbef6ede7.txt,C:\Users\anamk\projects\dataSets\birds.v4i.yolov11\test\images\detectRaw_1758540455240_area_1292_motion_246_jpg.rf.dd26ade87fe8044da424ab9dbef6ede7.jpg,"[1920, 1080]",1.7777777777777777,1292.0,"[356.16, 335.32]","[(641.6, 411.4), (661.1, 426.5)]","[633.2, 651.0]","[400.79999999999995, 418.2]","[650.0, 671.2]","[422.0, 434.8]",2025-09-22 07:27:35.240000-04:00,7
bird,1,C:\Users\anamk\projects\dataSets\birds.v4i.yolov11\valid\labels\detectRaw_1758540456193_area_528_motion_248_jpg.rf.bc2a7cfea866cd7bdea6e7b53a988e72.txt,C:\Users\anamk\projects\dataSets\birds.v4i.yolov11\valid\images\detectRaw_1758540456193_area_528_motion_248_jpg.rf.bc2a7cfea866cd7bdea6e7b53a988e72.jpg,"[1920, 1080]",1.7777777777777777,528.0,[388.6511999999999],"[(640.33, 410.65)]",[630.9150000000001],[400.33],[649.745],[420.96999999999997],2025-09-22 07:27:36.193000-04:00,7
bird,2,C:\Users\anamk\projects\dataSets\birds.v4i.yolov11\test\labels\detectRaw_1758540456884_area_256_motion_252_jpg.rf.7621def0ecfd8e780a64966689397555.txt,C:\Users\anamk\projects\dataSets\birds.v4i.yolov11\test\images\detectRaw_1758540456884_area_256_motion_252_jpg.rf.7621def0ecfd8e780a64966689397555.jpg,"[1920, 1080]",1.7777777777777777,256.0,"[622.487, 68.7754]","[(640.65, 410.08), (630.65, 409.92)]","[629.165, 627.18]","[396.53, 404.96500000000003]","[652.135, 634.12]","[423.63, 414.875]",2025-09-22 07:27:36.884000-04:00,7
bird,2,C:\Users\anamk\projects\dataSets\birds.v4i.yolov11\train\labels\detectRaw_1758540457765_area_216_motion_253_jpg.rf.6b063402e99821c4c6af9043fa6f177e.txt,C:\Users\anamk\projects\dataSets\birds.v4i.yolov11\train\images\detectRaw_1758540457765_area_216_motion_253_jpg.rf.6b063402e99821c4c6af9043fa6f177e.jpg,"[1920, 1080]",1.7777777777777777,216.0,"[167.2887, 473.26379999999995]","[(365.4, 72.75), (639.59, 408.63)]","[357.36499999999995, 629.6600000000001]","[67.545, 396.715]","[373.435, 649.52]","[77.955, 420.545]",2025-09-22 07:27:37.765000-04:00,7
bird,3,C:\Users\anamk\projects\dataSets\birds.v4i.yolov11\test\labels\detectRaw_1758540458104_area_238_motion_255_jpg.rf.bbefccfa09c6bc184f78e966326ce41d.txt,C:\Users\anamk\projects\dataSets\birds.v4i.yolov11\test\images\detectRaw_1758540458104_area_238_motion_255_jpg.rf.bbefccfa09c6bc184f78e966326ce41d.jpg,"[1920, 1080]",1.7777777777777777,238.0,"[392.0176, 87.88499999999999, 166.75860000000003]","[(640.74, 408.7799999999999), (623.78, 425.05), (365.96, 70.93)]","[632.72, 618.355, 359.22499999999997]","[396.5599999999999, 421.0, 64.74000000000001]","[648.76, 629.2049999999999, 372.695]","[420.99999999999994, 429.1, 77.12]",2025-09-22 07:27:38.104000-04:00,7
bird,3,C:\Users\anamk\projects\dataSets\birds.v4i.yolov11\train\labels\detectRaw_1758540458657_area_1836_motion_256_jpg.rf.c2decece5d6177186c7e0785bef17b8a.txt,C:\Users\anamk\projects\dataSets\birds.v4i.yolov11\train\images\detectRaw_1758540458657_area_1836_motion_256_jpg.rf.c2decece5d6177186c7e0785bef17b8a.jpg,"[1920, 1080]",1.7777777777777777,1836.0,"[1953.9126, 369.1548, 166.84799999999998]","[(1492.49, 253.3), (640.48, 408.85), (366.04, 68.77)]","[1465.42, 632.77, 359.44]","[235.255, 396.88, 62.449999999999996]","[1519.56, 648.19, 372.64000000000004]","[271.345, 420.82000000000005, 75.09]",2025-09-22 07:27:38.657000-04:00,7
bird,2,C:\Users\anamk\projects\dataSets\birds.v4i.yolov11\train\labels\detectRaw_1758540458820_area_1750_motion_257_jpg.rf.ac76aec55e73acb9855050abdac90bfc.txt,C:\Users\anamk\projects\dataSets\birds.v4i.yolov11\train\images\detectRaw_1758540458820_area_1750_motion_257_jpg.rf.ac76aec55e73acb9855050abdac90bfc.jpg,"[1920, 1080]",1.7777777777777777,1750.0,"[367.04, 1832.4105]","[(640.7, 409.7), (1179.43, 218.98)]","[633.3000000000001, 1153.585]","[397.3, 201.255]","[648.1, 1205.275]","[422.09999999999997, 236.70499999999998]",2025-09-22 07:27:38.820000-04:00,7
bird,2,C:\Users\anamk\projects\dataSets\birds.v4i.yolov11\test\labels\detectRaw_1758540458984_area_1890_motion_258_jpg.rf.d432854306915fba59c40c71c46be8bf.txt,C:\Users\anamk\projects\dataSets\birds.v4i.yolov11\test\images\detectRaw_1758540458984_area_1890_motion_258_jpg.rf.d432854306915fba59c40c71c46be8bf.jpg,"[1920, 1080]",1.7777777777777777,1890.0,"[2042.4995999999999, 369.8654]","[(902.18, 193.34), (640.68, 409.3)]","[880.525, 633.25]","[169.76, 396.855]","[923.8349999999999, 648.1099999999999]","[216.92000000000002, 421.745]",2025-09-22 07:27:38.984000-04:00,7
bird,2,C:\Users\anamk\projects\dataSets\birds.v4i.yolov11\test\labels\detectRaw_1758540459164_area_1715_motion_259_jpg.rf.7e2cee54c353f5023c6d2d9d6c5229d9.txt,C:\Users\anamk\projects\dataSets\birds.v4i.yolov11\test\images\detectRaw_1758540459164_area_1715_motion_259_jpg.rf.7e2cee54c353f5023c6d2d9d6c5229d9.jpg,"[1920, 1080]",1.7777777777777777,1715.0,"[1824.7096, 343.0915]","[(678.52, 169.38), (640.26, 409.46)]","[660.24, 633.215]","[144.425, 397.28499999999997]","[696.8, 647.305]","[194.33499999999998, 421.635]",2025-09-22 07:27:39.164000-04:00,7
bird,2,C:\Users\anamk\projects\dataSets\birds.v4i.yolov11\train\labels\detectRaw_1758540459340_area_1188_motion_260_jpg.rf.d037194ba5c7ac5bcf90c39258cc1c4f.txt,C:\Users\anamk\projects\dataSets\birds.v4i.yolov11\train\images\detectRaw_1758540459340_area_1188_motion_260_jpg.rf.d037194ba5c7ac5bcf90c39258cc1c4f.jpg,"[1920, 1080]",1.7777777777777777,1188.0,"[1159.4655, 320.6528]","[(514.52, 178.58), (639.72, 409.36)]","[496.375, 633.1600000000001]","[162.60500000000002, 397.14]","[532.665, 646.28]","[194.555, 421.58000000000004]",2025-09-22 07:27:39.340000-04:00,7
bird,2,C:\Users\anamk\projects\dataSets\birds.v4i.yolov11\train\labels\detectRaw_1758540459774_area_864_motion_262_jpg.rf.240b9fc86d77035f1b5afde7a2e7cebd.txt,C:\Users\anamk\projects\dataSets\birds.v4i.yolov11\train\images\detectRaw_1758540459774_area_864_motion_262_jpg.rf.240b9fc86d77035f1b5afde7a2e7cebd.jpg,"[1920, 1080]",1.7777777777777777,864.0,"[445.9338, 809.655]","[(639.83, 409.4), (588.16, 436.35)]","[630.14, 570.635]","[397.895, 424.8]","[649.5200000000001, 605.685]","[420.905, 447.90000000000003]",2025-09-22 07:27:39.774000-04:00,7
bird,2,C:\Users\anamk\projects\dataSets\birds.v4i.yolov11\valid\labels\detectRaw_1758540459913_area_512_motion_263_jpg.rf.76aa3571a52d829ac10a878068da98b9.txt,C:\Users\anamk\projects\dataSets\birds.v4i.yolov11\valid\images\detectRaw_1758540459913_area_512_motion_263_jpg.rf.76aa3571a52d829ac10a878068da98b9.jpg,"[1920, 1080]",1.7777777777777777,512.0,"[426.5645, 511.903]","[(638.74, 408.85), (530.71, 446.09000000000003)]","[629.265, 513.86]","[397.595, 438.495]","[648.215, 547.5600000000001]","[420.105, 453.68500000000006]",2025-09-22 07:27:39.913000-04:00,7
bird,2,C:\Users\anamk\projects\dataSets\birds.v4i.yolov11\test\labels\detectRaw_1758540460064_area_660_motion_264_jpg.rf.c3de654d9ead648c20e0c8e19b65045d.txt,C:\Users\anamk\projects\dataSets\birds.v4i.yolov11\test\images\detectRaw_1758540460064_area_660_motion_264_jpg.rf.c3de654d9ead648c20e0c8e19b65045d.jpg,"[1920, 1080]",1.7777777777777777,660.0,"[490.39200000000005, 516.9696]","[(452.49, 457.96000000000004), (638.67, 410.02)]","[431.64, 627.68]","[452.08000000000004, 398.26]","[473.34000000000003, 649.66]","[463.84000000000003, 421.78]",2025-09-22 07:27:40.064000-04:00,7
bird,1,C:\Users\anamk\projects\dataSets\birds.v4i.yolov11\train\labels\detectRaw_1758540460347_area_252_motion_265_jpg.rf.f67bb54cfa116fed393bc8e4514b2593.txt,C:\Users\anamk\projects\dataSets\birds.v4i.yolov11\train\images\detectRaw_1758540460347_area_252_motion_265_jpg.rf.f67bb54cfa116fed393bc8e4514b2593.jpg,"[1920, 1080]",1.7777777777777777,252.0,[602.1734],"[(639.03, 408.63)]",[625.4],[397.585],[652.66],[419.675],2025-09-22 07:27:40.347000-04:00,7
bird,2,C:\Users\anamk\projects\dataSets\birds.v4i.yolov11\train\labels\detectRaw_1758540460509_area_1144_motion_266_jpg.rf.af041e42025aba8d36cd688724a1bd5b.txt,C:\Users\anamk\projects\dataSets\birds.v4i.yolov11\train\images\detectRaw_1758540460509_area_1144_motion_266_jpg.rf.af041e42025aba8d36cd688724a1bd5b.jpg,"[1920, 1080]",1.7777777777777777,1144.0,"[1233.425, 693.1342999999999]","[(240.33000000000004, 718.1), (641.2, 409.4)]","[227.45500000000004, 626.345]","[694.15, 397.73499999999996]","[253.20500000000004, 656.0550000000001]","[742.0500000000001, 421.065]",2025-09-22 07:27:40.509000-04:00,7
bird,1,C:\Users\anamk\projects\dataSets\birds.v4i.yolov11\train\labels\detectRaw_1758540470708_area_567_motion_267_jpg.rf.37e8c40dfc7e0784d49a6a46aade1fc7.txt,C:\Users\anamk\projects\dataSets\birds.v4i.yolov11\train\images\detectRaw_1758540470708_area_567_motion_267_jpg.rf.37e8c40dfc7e0784d49a6a46aade1fc7.jpg,"[1920, 1080]",1.7777777777777777,567.0,[612.5321999999999],"[(640.81, 410.08)]",[627.18],[398.84499999999997],[654.4399999999999],[421.315],2025-09-22 07:27:50.708000-04:00,7
bird,2,C:\Users\anamk\projects\dataSets\birds.v4i.yolov11\train\labels\detectRaw_1758540470847_area_378_motion_268_jpg.rf.b82a32ce016f5fbf36f30b6a32da4655.txt,C:\Users\anamk\projects\dataSets\birds.v4i.yolov11\train\images\detectRaw_1758540470847_area_378_motion_268_jpg.rf.b82a32ce016f5fbf36f30b6a32da4655.jpg,"[1920, 1080]",1.7777777777777777,378.0,"[436.2594, 651.2307]","[(1491.96, 986.26), (641.52, 410.07)]","[1480.345, 628.235]","[976.87, 397.815]","[1503.575, 654.805]","[995.65, 422.325]",2025-09-22 07:27:50.847000-04:00,7
bird,2,C:\Users\anamk\projects\dataSets\birds.v4i.yolov11\train\labels\detectRaw_1758540471013_area_500_motion_269_jpg.rf.b73f12f87cf9ab4a738ba249d3e9b478.txt,C:\Users\anamk\projects\dataSets\birds.v4i.yolov11\train\images\detectRaw_1758540471013_area_500_motion_269_jpg.rf.b73f12f87cf9ab4a738ba249d3e9b478.jpg,"[1920, 1080]",1.7777777777777777,500.0,"[645.2984, 485.74500000000006]","[(641.69, 410.32), (1408.95, 933.53)]","[628.0300000000001, 1397.2]","[398.51, 923.1949999999999]","[655.35, 1420.7]","[422.13, 943.865]",2025-09-22 07:27:51.013000-04:00,7
bird,2,C:\Users\anamk\projects\dataSets\birds.v4i.yolov11\valid\labels\detectRaw_1758540471307_area_729_motion_270_jpg.rf.0f9693b469293e8688a0877cf6a61aa9.txt,C:\Users\anamk\projects\dataSets\birds.v4i.yolov11\valid\images\detectRaw_1758540471307_area_729_motion_270_jpg.rf.0f9693b469293e8688a0877cf6a61aa9.jpg,"[1920, 1080]",1.7777777777777777,729.0,"[983.5605, 625.9325]","[(1202.66, 821.25), (641.45, 409.9)]","[1187.825, 627.825]","[804.675, 398.41499999999996]","[1217.4950000000001, 655.075]","[837.825, 421.385]",2025-09-22 07:27:51.307000-04:00,7
bird,2,C:\Users\anamk\projects\dataSets\birds.v4i.yolov11\valid\labels\detectRaw_1758540471692_area_130_motion_271_jpg.rf.2d171d19396d05d55f366c8e9e011f94.txt,C:\Users\anamk\projects\dataSets\birds.v4i.yolov11\valid\images\detectRaw_1758540471692_area_130_motion_271_jpg.rf.2d171d19396d05d55f366c8e9e011f94.jpg,"[1920, 1080]",1.7777777777777777,130.0,"[175.1438, 640.0304]","[(971.22, 730.21), (640.86, 410.22)]","[964.865, 627.38]","[723.32, 398.35]","[977.575, 654.34]","[737.1, 422.09000000000003]",2025-09-22 07:27:51.692000-04:00,7
bird,2,C:\Users\anamk\projects\dataSets\birds.v4i.yolov11\train\labels\detectRaw_1758540472032_area_396_motion_273_jpg.rf.ffd0b7673dd9562e777f09703241601d.txt,C:\Users\anamk\projects\dataSets\birds.v4i.yolov11\train\images\detectRaw_1758540472032_area_396_motion_273_jpg.rf.ffd0b7673dd9562e777f09703241601d.jpg,"[1920, 1080]",1.7777777777777777,396.0,"[505.3007999999999, 534.1248]","[(888.9, 733.14), (642.94, 410.33)]","[880.9399999999999, 631.7]","[717.27, 398.45]","[896.86, 654.1800000000001]","[749.01, 422.21]",2025-09-22 07:27:52.032000-04:00,7
bird,1,C:\Users\anamk\projects\dataSets\birds.v4i.yolov11\train\labels\detectRaw_1758540494916_area_546_motion_305_jpg.rf.94f2da9c883c1c66c932859c69a03d7a.txt,C:\Users\anamk\projects\dataSets\birds.v4i.yolov11\train\images\detectRaw_1758540494916_area_546_motion_305_jpg.rf.94f2da9c883c1c66c932859c69a03d7a.jpg,"[1920, 1080]",1.7777777777777777,546.0,[1464.265],"[(995.3900000000001, 478.42)]",[975.6400000000001],[459.885],[1015.1400000000001],[496.95500000000004],2025-09-22 07:28:14.916000-04:00,7
bird,1,C:\Users\anamk\projects\dataSets\birds.v4i.yolov11\train\labels\detectRaw_1758540529091_area_640_motion_334_jpg.rf.31fa23360f0d67a722da69c308f3436e.txt,C:\Users\anamk\projects\dataSets\birds.v4i.yolov11\train\images\detectRaw_1758540529091_area_640_motion_334_jpg.rf.31fa23360f0d67a722da69c308f3436e.jpg,"[1920, 1080]",1.7777777777777777,640.0,[5180.890200000001],"[(1858.17, 612.03)]",[1820.7250000000001],[577.4399999999999],[1895.615],[646.62],2025-09-22 07:28:49.091000-04:00,7
bird,1,C:\Users\anamk\projects\dataSets\birds.v4i.yolov11\train\labels\detectRaw_1758540561504_area_510_motion_354_jpg.rf.cec9df73078e0259265f21f7aad0cacd.txt,C:\Users\anamk\projects\dataSets\birds.v4i.yolov11\train\images\detectRaw_1758540561504_area_510_motion_354_jpg.rf.cec9df73078e0259265f21f7aad0cacd.jpg,"[1920, 1080]",1.7777777777777777,510.0,[1199.5384000000001],"[(1241.94, 731.56)]",[1221.8],[716.67],[1262.0800000000002],[746.4499999999999],2025-09-22 07:29:21.504000-04:00,7
bird,2,C:\Users\anamk\projects\dataSets\birds.v4i.yolov11\train\labels\detectRaw_1758540611774_area_792_motion_363_jpg.rf.fb47a272da86a7d38cc6ae5d5469870a.txt,C:\Users\anamk\projects\dataSets\birds.v4i.yolov11\train\images\detectRaw_1758540611774_area_792_motion_363_jpg.rf.fb47a272da86a7d38cc6ae5d5469870a.jpg,"[1920, 1080]",1.7777777777777777,792.0,"[1271.922, 754.0306999999999]","[(365.24, 26.03), (459.44, 275.95)]","[347.54, 438.295]","[8.065000000000001, 267.03499999999997]","[382.94, 480.585]","[43.995000000000005, 284.865]",2025-09-22 07:30:11.774000-04:00,7
bird,2,C:\Users\anamk\projects\dataSets\birds.v4i.yolov11\train\labels\detectRaw_1758540611944_area_1845_motion_364_jpg.rf.2420734752d555387bb924d29529624e.txt,C:\Users\anamk\projects\dataSets\birds.v4i.yolov11\train\images\detectRaw_1758540611944_area_1845_motion_364_jpg.rf.2420734752d555387bb924d29529624e.jpg,"[1920, 1080]",1.7777777777777777,1845.0,"[1921.4528000000003, 1112.6675999999998]","[(626.35, 346.46), (363.74, 23.63)]","[603.945, 346.36]","[325.02, 7.625]","[648.755, 381.12]","[367.9, 39.635]",2025-09-22 07:30:11.944000-04:00,7
bird,2,C:\Users\anamk\projects\dataSets\birds.v4i.yolov11\train\labels\detectRaw_1758540612101_area_2530_motion_365_jpg.rf.3751a1a7c2ced95127652fe6fd1dd244.txt,C:\Users\anamk\projects\dataSets\birds.v4i.yolov11\train\images\detectRaw_1758540612101_area_2530_motion_365_jpg.rf.3751a1a7c2ced95127652fe6fd1dd244.jpg,"[1920, 1080]",1.7777777777777777,2530.0,"[1108.5249999999999, 2544.0744999999997]","[(363.08, 24.289999999999996), (822.8, 394.52)]","[345.705, 794.935]","[8.339999999999996, 371.695]","[380.455, 850.665]","[40.239999999999995, 417.34499999999997]",2025-09-22 07:30:12.101000-04:00,7
bird,2,C:\Users\anamk\projects\dataSets\birds.v4i.yolov11\train\labels\detectRaw_1758540612387_area_1904_motion_366_jpg.rf.070319a5fed21abc3587534a4ca66670.txt,C:\Users\anamk\projects\dataSets\birds.v4i.yolov11\train\images\detectRaw_1758540612387_area_1904_motion_366_jpg.rf.070319a5fed21abc3587534a4ca66670.jpg,"[1920, 1080]",1.7777777777777777,1904.0,"[2420.7821999999996, 1102.7234]","[(1106.08, 427.96), (362.95, 24.93)]","[1075.375, 345.79499999999996]","[408.25, 8.86]","[1136.7849999999999, 380.105]","[447.66999999999996, 41.0]",2025-09-22 07:30:12.387000-04:00,7
bird,2,C:\Users\anamk\projects\dataSets\birds.v4i.yolov11\train\labels\detectRaw_1758540612562_area_1365_motion_367_jpg.rf.f389a332dd7ecd1b44a9dc6170f5a1f6.txt,C:\Users\anamk\projects\dataSets\birds.v4i.yolov11\train\images\detectRaw_1758540612562_area_1365_motion_367_jpg.rf.f389a332dd7ecd1b44a9dc6170f5a1f6.jpg,"[1920, 1080]",1.7777777777777777,1365.0,"[1288.9056, 1096.8088]","[(1213.44, 414.37), (363.65, 24.86)]","[1196.4, 346.40999999999997]","[395.46, 8.954999999999998]","[1230.48, 380.89]","[433.28000000000003, 40.765]",2025-09-22 07:30:12.562000-04:00,7
bird,2,C:\Users\anamk\projects\dataSets\birds.v4i.yolov11\train\labels\detectRaw_1758540612702_area_5180_motion_368_jpg.rf.416428e1be1ccad65f1791f1cd179f66.txt,C:\Users\anamk\projects\dataSets\birds.v4i.yolov11\train\images\detectRaw_1758540612702_area_5180_motion_368_jpg.rf.416428e1be1ccad65f1791f1cd179f66.jpg,"[1920, 1080]",1.7777777777777777,5180.0,"[5757.0705, 1173.9746000000002]","[(1209.54, 371.72), (363.29, 25.35)]","[1173.0149999999999, 345.70500000000004]","[332.31500000000005, 8.66]","[1246.065, 380.875]","[411.125, 42.040000000000006]",2025-09-22 07:30:12.702000-04:00,7
bird,2,C:\Users\anamk\projects\dataSets\birds.v4i.yolov11\valid\labels\detectRaw_1758540612848_area_7395_motion_369_jpg.rf.22466950638ba55dde67829eb276c40b.txt,C:\Users\anamk\projects\dataSets\birds.v4i.yolov11\valid\images\detectRaw_1758540612848_area_7395_motion_369_jpg.rf.22466950638ba55dde67829eb276c40b.jpg,"[1920, 1080]",1.7777777777777777,7395.0,"[1096.7666, 7601.6605]","[(363.04, 23.84), (1157.83, 340.68)]","[345.57000000000005, 1114.5649999999998]","[8.145, 296.755]","[380.51, 1201.095]","[39.535, 384.605]",2025-09-22 07:30:12.848000-04:00,7
bird,2,C:\Users\anamk\projects\dataSets\birds.v4i.yolov11\valid\labels\detectRaw_1758540613009_area_6723_motion_370_jpg.rf.d12a6c585d578e5354e7803ddd9854a9.txt,C:\Users\anamk\projects\dataSets\birds.v4i.yolov11\valid\images\detectRaw_1758540613009_area_6723_motion_370_jpg.rf.d12a6c585d578e5354e7803ddd9854a9.jpg,"[1920, 1080]",1.7777777777777777,6723.0,"[6456.846, 1129.0939999999998]","[(1007.82, 292.21), (363.43, 24.47)]","[968.11, 346.15500000000003]","[251.55999999999997, 8.129999999999999]","[1047.53, 380.705]","[332.85999999999996, 40.81]",2025-09-22 07:30:13.009000-04:00,7
bird,2,C:\Users\anamk\projects\dataSets\birds.v4i.yolov11\valid\labels\detectRaw_1758540613174_area_4743_motion_371_jpg.rf.00c3001b0109d82ebeaa9287a5d4aaa1.txt,C:\Users\anamk\projects\dataSets\birds.v4i.yolov11\valid\images\detectRaw_1758540613174_area_4743_motion_371_jpg.rf.00c3001b0109d82ebeaa9287a5d4aaa1.jpg,"[1920, 1080]",1.7777777777777777,4743.0,"[4779.8894, 1182.6738]","[(775.45, 237.35), (362.9, 24.65)]","[730.2800000000001, 345.19]","[210.89499999999998, 7.954999999999998]","[820.62, 380.60999999999996]","[263.805, 41.345]",2025-09-22 07:30:13.174000-04:00,7
bird,2,C:\Users\anamk\projects\dataSets\birds.v4i.yolov11\train\labels\detectRaw_1758540613333_area_5400_motion_372_jpg.rf.4e5ae49df93ed3919d43ee279a11c86d.txt,C:\Users\anamk\projects\dataSets\birds.v4i.yolov11\train\images\detectRaw_1758540613333_area_5400_motion_372_jpg.rf.4e5ae49df93ed3919d43ee279a11c86d.jpg,"[1920, 1080]",1.7777777777777777,5400.0,"[5172.2892, 1101.5625]","[(594.88, 212.22), (362.65, 23.11)]","[550.075, 345.025]","[183.36, 7.484999999999999]","[639.685, 380.275]","[241.07999999999998, 38.735]",2025-09-22 07:30:13.333000-04:00,7
bird,2,C:\Users\anamk\projects\dataSets\birds.v4i.yolov11\train\labels\detectRaw_1758540613482_area_4675_motion_373_jpg.rf.f6d1464ddb6dcc0d0eb58fae2dec0945.txt,C:\Users\anamk\projects\dataSets\birds.v4i.yolov11\train\images\detectRaw_1758540613482_area_4675_motion_373_jpg.rf.f6d1464ddb6dcc0d0eb58fae2dec0945.jpg,"[1920, 1080]",1.7777777777777777,4675.0,"[4818.2348, 1154.8725000000002]","[(422.17, 183.88), (364.5, 24.63)]","[379.44, 346.595]","[155.69, 8.504999999999999]","[464.90000000000003, 382.405]","[212.07, 40.754999999999995]",2025-09-22 07:30:13.482000-04:00,7
bird,2,C:\Users\anamk\projects\dataSets\birds.v4i.yolov11\train\labels\detectRaw_1758540653807_area_5456_motion_374_jpg.rf.31997562e30d678da58ec57489534f7a.txt,C:\Users\anamk\projects\dataSets\birds.v4i.yolov11\train\images\detectRaw_1758540653807_area_5456_motion_374_jpg.rf.31997562e30d678da58ec57489534f7a.jpg,"[1920, 1080]",1.7777777777777777,5456.0,"[5699.1195, 1199.8524]","[(428.37, 321.38), (363.66, 26.67)]","[396.095, 341.95500000000004]","[277.235, 12.850000000000001]","[460.645, 385.365]","[365.525, 40.49]",2025-09-22 07:30:53.807000-04:00,7
bird,2,C:\Users\anamk\projects\dataSets\birds.v4i.yolov11\valid\labels\detectRaw_1758540653984_area_6175_motion_375_jpg.rf.3b97017608bcd48e7311977419563c17.txt,C:\Users\anamk\projects\dataSets\birds.v4i.yolov11\valid\images\detectRaw_1758540653984_area_6175_motion_375_jpg.rf.3b97017608bcd48e7311977419563c17.jpg,"[1920, 1080]",1.7777777777777777,6175.0,"[1293.6370000000002, 6108.588]","[(363.49, 27.18), (661.03, 588.93)]","[341.915, 614.185]","[12.189999999999998, 556.3299999999999]","[385.065, 707.875]","[42.17, 621.53]",2025-09-22 07:30:53.984000-04:00,7
bird,2,C:\Users\anamk\projects\dataSets\birds.v4i.yolov11\train\labels\detectRaw_1758540654146_area_5976_motion_376_jpg.rf.82b1bf3d29c05bd3ad8c1b7a7a4b6e6d.txt,C:\Users\anamk\projects\dataSets\birds.v4i.yolov11\train\images\detectRaw_1758540654146_area_5976_motion_376_jpg.rf.82b1bf3d29c05bd3ad8c1b7a7a4b6e6d.jpg,"[1920, 1080]",1.7777777777777777,5976.0,"[5793.337500000001, 1076.5403]","[(841.23, 810.53), (363.65, 25.57)]","[805.605, 342.145]","[769.875, 13.055]","[876.855, 385.155]","[851.185, 38.085]",2025-09-22 07:30:54.146000-04:00,7
bird,2,C:\Users\anamk\projects\dataSets\birds.v4i.yolov11\train\labels\detectRaw_1758540684669_area_882_motion_377_jpg.rf.649f7e7831f575ae08c4fd056ba73202.txt,C:\Users\anamk\projects\dataSets\birds.v4i.yolov11\train\images\detectRaw_1758540684669_area_882_motion_377_jpg.rf.649f7e7831f575ae08c4fd056ba73202.jpg,"[1920, 1080]",1.7777777777777777,882.0,"[905.464, 915.4339999999999]","[(792.06, 878.12), (360.91, 25.26)]","[770.2099999999999, 347.21000000000004]","[867.76, 8.555000000000003]","[813.91, 374.61]","[888.48, 41.965]",2025-09-22 07:31:24.669000-04:00,7
bird,2,C:\Users\anamk\projects\dataSets\birds.v4i.yolov11\train\labels\detectRaw_1758540684968_area_1296_motion_378_jpg.rf.6e90fe12e545e3c0105c8aa73e190b2d.txt,C:\Users\anamk\projects\dataSets\birds.v4i.yolov11\train\images\detectRaw_1758540684968_area_1296_motion_378_jpg.rf.6e90fe12e545e3c0105c8aa73e190b2d.jpg,"[1920, 1080]",1.7777777777777777,1296.0,"[1402.6417999999999, 940.9295000000001]","[(338.38, 920.13), (361.45, 25.92)]","[319.40999999999997, 346.925]","[901.645, 9.725000000000001]","[357.35, 375.97499999999997]","[938.615, 42.115]",2025-09-22 07:31:24.968000-04:00,7
bird,2,C:\Users\anamk\projects\dataSets\birds.v4i.yolov11\train\labels\detectRaw_1758540703430_area_4161_motion_381_jpg.rf.adc4799bc12793a437ea9274009e0948.txt,C:\Users\anamk\projects\dataSets\birds.v4i.yolov11\train\images\detectRaw_1758540703430_area_4161_motion_381_jpg.rf.adc4799bc12793a437ea9274009e0948.jpg,"[1920, 1080]",1.7777777777777777,4161.0,"[1043.1424000000002, 3852.4226999999996]","[(360.43, 25.63), (433.79, 31.19)]","[343.67, 398.685]","[10.069999999999997, 3.7550000000000026]","[377.19, 468.89500000000004]","[41.19, 58.625]",2025-09-22 07:31:43.430000-04:00,7
bird,2,C:\Users\anamk\projects\dataSets\birds.v4i.yolov11\train\labels\detectRaw_1758540703597_area_4760_motion_382_jpg.rf.552213837956b05aaa60bc022da2ce6a.txt,C:\Users\anamk\projects\dataSets\birds.v4i.yolov11\train\images\detectRaw_1758540703597_area_4760_motion_382_jpg.rf.552213837956b05aaa60bc022da2ce6a.jpg,"[1920, 1080]",1.7777777777777777,4760.0,"[5192.9344, 1261.904]","[(400.54, 46.98), (354.5, 31.07)]","[365.66, 341.2]","[9.759999999999998, 7.350000000000001]","[435.42, 367.8]","[84.19999999999999, 54.79]",2025-09-22 07:31:43.597000-04:00,7
bird,2,C:\Users\anamk\projects\dataSets\birds.v4i.yolov11\test\labels\detectRaw_1758540717355_area_5073_motion_385_jpg.rf.25dfde08f60183abaa53eea9d2ffb2aa.txt,C:\Users\anamk\projects\dataSets\birds.v4i.yolov11\test\images\detectRaw_1758540717355_area_5073_motion_385_jpg.rf.25dfde08f60183abaa53eea9d2ffb2aa.jpg,"[1920, 1080]",1.7777777777777777,5073.0,"[5268.94, 1035.3]","[(420.0, 353.49), (356.57, 26.25)]","[373.7, 338.445]","[325.04, 11.97]","[466.3, 374.695]","[381.94, 40.53]",2025-09-22 07:31:57.355000-04:00,7
bird,2,C:\Users\anamk\projects\dataSets\birds.v4i.yolov11\train\labels\detectRaw_1758540717523_area_3708_motion_386_jpg.rf.483ad74aaf486a18b02c8435aa5800cc.txt,C:\Users\anamk\projects\dataSets\birds.v4i.yolov11\train\images\detectRaw_1758540717523_area_3708_motion_386_jpg.rf.483ad74aaf486a18b02c8435aa5800cc.jpg,"[1920, 1080]",1.7777777777777777,3708.0,"[3901.2612, 1036.1015]","[(474.09, 588.32), (357.4, 26.97)]","[422.59499999999997, 338.375]","[569.38, 13.354999999999999]","[525.5849999999999, 376.42499999999995]","[607.2600000000001, 40.585]",2025-09-22 07:31:57.523000-04:00,7
bird,2,C:\Users\anamk\projects\dataSets\birds.v4i.yolov11\train\labels\detectRaw_1758540717820_area_3192_motion_387_jpg.rf.44906673b808a1ebfe26ffad34aee04f.txt,C:\Users\anamk\projects\dataSets\birds.v4i.yolov11\train\images\detectRaw_1758540717820_area_3192_motion_387_jpg.rf.44906673b808a1ebfe26ffad34aee04f.jpg,"[1920, 1080]",1.7777777777777777,3192.0,"[4391.900000000001, 957.4728000000001]","[(583.22, 964.51), (357.61, 27.0)]","[553.5450000000001, 339.72]","[927.51, 13.62]","[612.895, 375.5]","[1001.51, 40.38]",2025-09-22 07:31:57.820000-04:00,7
bird,2,C:\Users\anamk\projects\dataSets\birds.v4i.yolov11\train\labels\detectRaw_1758540724749_area_714_motion_389_jpg.rf.f8c2257b8bd0b248c9fa36e931600fde.txt,C:\Users\anamk\projects\dataSets\birds.v4i.yolov11\train\images\detectRaw_1758540724749_area_714_motion_389_jpg.rf.f8c2257b8bd0b248c9fa36e931600fde.jpg,"[1920, 1080]",1.7777777777777777,714.0,"[1152.51, 788.508]","[(359.6, 28.84), (1077.93, 258.93)]","[340.86, 1060.05]","[13.465, 247.905]","[378.34000000000003, 1095.8100000000002]","[44.215, 269.955]",2025-09-22 07:32:04.749000-04:00,7
bird,2,C:\Users\anamk\projects\dataSets\birds.v4i.yolov11\train\labels\detectRaw_1758540724912_area_960_motion_390_jpg.rf.d3cb4d60679e30b13c320ad6239f0116.txt,C:\Users\anamk\projects\dataSets\birds.v4i.yolov11\train\images\detectRaw_1758540724912_area_960_motion_390_jpg.rf.d3cb4d60679e30b13c320ad6239f0116.jpg,"[1920, 1080]",1.7777777777777777,960.0,"[1132.2696, 1007.6256]","[(901.86, 207.8), (359.53, 28.13)]","[885.15, 341.73999999999995]","[190.86, 13.969999999999999]","[918.57, 377.32]","[224.74, 42.29]",2025-09-22 07:32:04.912000-04:00,7
bird,2,C:\Users\anamk\projects\dataSets\birds.v4i.yolov11\train\labels\detectRaw_1758540725219_area_840_motion_392_jpg.rf.ca04185e717188cca7f37af8e5e78001.txt,C:\Users\anamk\projects\dataSets\birds.v4i.yolov11\train\images\detectRaw_1758540725219_area_840_motion_392_jpg.rf.ca04185e717188cca7f37af8e5e78001.jpg,"[1920, 1080]",1.7777777777777777,840.0,"[1053.5328000000002, 1059.7353]","[(516.55, 122.52), (358.77, 29.09)]","[502.41999999999996, 340.505]","[103.88, 14.584999999999999]","[530.68, 377.03499999999997]","[141.16, 43.595]",2025-09-22 07:32:05.219000-04:00,7
bird,2,C:\Users\anamk\projects\dataSets\birds.v4i.yolov11\train\labels\detectRaw_1758540727559_area_3354_motion_393_jpg.rf.bead3d93602a1efd3a3fa797ef2b4be7.txt,C:\Users\anamk\projects\dataSets\birds.v4i.yolov11\train\images\detectRaw_1758540727559_area_3354_motion_393_jpg.rf.bead3d93602a1efd3a3fa797ef2b4be7.jpg,"[1920, 1080]",1.7777777777777777,3354.0,"[3327.698, 826.2727]","[(1398.84, 1010.63), (361.12, 29.25)]","[1356.9399999999998, 346.275]","[990.775, 15.335]","[1440.74, 375.96500000000003]","[1030.485, 43.165]",2025-09-22 07:32:07.559000-04:00,7
bird,2,C:\Users\anamk\projects\dataSets\birds.v4i.yolov11\test\labels\detectRaw_1758540727717_area_6536_motion_394_jpg.rf.b7ed519caeab288d46f11ca718c28c5d.txt,C:\Users\anamk\projects\dataSets\birds.v4i.yolov11\test\images\detectRaw_1758540727717_area_6536_motion_394_jpg.rf.b7ed519caeab288d46f11ca718c28c5d.jpg,"[1920, 1080]",1.7777777777777777,6536.0,"[6085.846399999999, 834.3052000000001]","[(897.16, 899.23), (360.94, 29.58)]","[857.0, 346.59499999999997]","[861.345, 15.039999999999997]","[937.3199999999999, 375.285]","[937.115, 44.12]",2025-09-22 07:32:07.717000-04:00,7
bird,2,C:\Users\anamk\projects\dataSets\birds.v4i.yolov11\train\labels\detectRaw_1758540727874_area_9690_motion_395_jpg.rf.175e60d96907593d043f81f58624d915.txt,C:\Users\anamk\projects\dataSets\birds.v4i.yolov11\train\images\detectRaw_1758540727874_area_9690_motion_395_jpg.rf.175e60d96907593d043f81f58624d915.jpg,"[1920, 1080]",1.7777777777777777,9690.0,"[9354.448, 882.322]","[(420.59, 623.15), (359.93, 30.01)]","[368.19, 345.205]","[578.52, 15.030000000000001]","[472.98999999999995, 374.65500000000003]","[667.78, 44.99]",2025-09-22 07:32:07.874000-04:00,7
bird,2,C:\Users\anamk\projects\dataSets\birds.v4i.yolov11\train\labels\detectRaw_1758540728197_area_11125_motion_397_jpg.rf.44147fb0e1503540cf130206608a8907.txt,C:\Users\anamk\projects\dataSets\birds.v4i.yolov11\train\images\detectRaw_1758540728197_area_11125_motion_397_jpg.rf.44147fb0e1503540cf130206608a8907.jpg,"[1920, 1080]",1.7777777777777777,11125.0,"[10595.337199999998, 836.7513]","[(411.01, 835.03), (360.36, 29.11)]","[349.28, 346.115]","[792.12, 14.424999999999999]","[472.74, 374.605]","[877.9399999999999, 43.795]",2025-09-22 07:32:08.197000-04:00,7
bird,2,C:\Users\anamk\projects\dataSets\birds.v4i.yolov11\train\labels\detectRaw_1758540728337_area_7360_motion_398_jpg.rf.3f28d3a9c4845714c239da2adae0451e.txt,C:\Users\anamk\projects\dataSets\birds.v4i.yolov11\train\images\detectRaw_1758540728337_area_7360_motion_398_jpg.rf.3f28d3a9c4845714c239da2adae0451e.jpg,"[1920, 1080]",1.7777777777777777,7360.0,"[8259.060000000001, 884.3806999999999]","[(545.47, 653.52), (359.65, 28.89)]","[491.77000000000004, 344.205]","[615.0699999999999, 14.575000000000001]","[599.1700000000001, 375.09499999999997]","[691.97, 43.205]",2025-09-22 07:32:08.337000-04:00,7
bird,2,C:\Users\anamk\projects\dataSets\birds.v4i.yolov11\train\labels\detectRaw_1758540728489_area_8944_motion_399_jpg.rf.ac45679e5e835c958d8709c42aff6d50.txt,C:\Users\anamk\projects\dataSets\birds.v4i.yolov11\train\images\detectRaw_1758540728489_area_8944_motion_399_jpg.rf.ac45679e5e835c958d8709c42aff6d50.jpg,"[1920, 1080]",1.7777777777777777,8944.0,"[8694.288, 813.16]","[(629.8, 513.98), (360.93, 28.91)]","[587.92, 346.91]","[462.08000000000004, 14.41]","[671.68, 374.95]","[565.88, 43.41]",2025-09-22 07:32:08.489000-04:00,7
bird,2,C:\Users\anamk\projects\dataSets\birds.v4i.yolov11\train\labels\detectRaw_1758540728704_area_20711_motion_400_jpg.rf.84c8dcd1bae74e0d4821b8ae68792b85.txt,C:\Users\anamk\projects\dataSets\birds.v4i.yolov11\train\images\detectRaw_1758540728704_area_20711_motion_400_jpg.rf.84c8dcd1bae74e0d4821b8ae68792b85.jpg,"[1920, 1080]",1.7777777777777777,20711.0,"[19830.8514, 839.2752]","[(664.03, 197.5), (360.41, 29.05)]","[596.8249999999999, 346.45000000000005]","[123.73, 14.020000000000001]","[731.235, 374.37]","[271.27, 44.08]",2025-09-22 07:32:08.704000-04:00,7
bird,2,C:\Users\anamk\projects\dataSets\birds.v4i.yolov11\train\labels\detectRaw_1758540729619_area_7308_motion_401_jpg.rf.6d800564d532aaea29445459022989e8.txt,C:\Users\anamk\projects\dataSets\birds.v4i.yolov11\train\images\detectRaw_1758540729619_area_7308_motion_401_jpg.rf.6d800564d532aaea29445459022989e8.jpg,"[1920, 1080]",1.7777777777777777,7308.0,"[6923.3684, 910.5264000000001]","[(420.77, 841.25), (361.11, 29.46)]","[363.75, 345.99]","[810.895, 14.405000000000001]","[477.78999999999996, 376.23]","[871.605, 44.515]",2025-09-22 07:32:09.619000-04:00,7
bird,2,C:\Users\anamk\projects\dataSets\birds.v4i.yolov11\train\labels\detectRaw_1758540743136_area_11165_motion_402_jpg.rf.fa16097177da0c7d408e23930243a73c.txt,C:\Users\anamk\projects\dataSets\birds.v4i.yolov11\train\images\detectRaw_1758540743136_area_11165_motion_402_jpg.rf.fa16097177da0c7d408e23930243a73c.jpg,"[1920, 1080]",1.7777777777777777,11165.0,"[10647.3076, 1073.4991]","[(427.89, 157.13), (359.5, 29.95)]","[357.34999999999997, 342.335]","[119.395, 14.315]","[498.43, 376.665]","[194.865, 45.585]",2025-09-22 07:32:23.136000-04:00,7
bird,2,C:\Users\anamk\projects\dataSets\birds.v4i.yolov11\train\labels\detectRaw_1758540743281_area_8249_motion_403_jpg.rf.a03194acf3555eff876275f934079592.txt,C:\Users\anamk\projects\dataSets\birds.v4i.yolov11\train\images\detectRaw_1758540743281_area_8249_motion_403_jpg.rf.a03194acf3555eff876275f934079592.jpg,"[1920, 1080]",1.7777777777777777,8249.0,"[8753.888, 1039.1216]","[(536.17, 152.06), (359.67, 29.09)]","[497.90999999999997, 342.305]","[94.86, 14.129999999999999]","[574.43, 377.035]","[209.26, 44.05]",2025-09-22 07:32:23.281000-04:00,7
bird,2,C:\Users\anamk\projects\dataSets\birds.v4i.yolov11\test\labels\detectRaw_1758540743421_area_8512_motion_404_jpg.rf.7fad090b7777c1057c870bb7a56377e6.txt,C:\Users\anamk\projects\dataSets\birds.v4i.yolov11\test\images\detectRaw_1758540743421_area_8512_motion_404_jpg.rf.7fad090b7777c1057c870bb7a56377e6.jpg,"[1920, 1080]",1.7777777777777777,8512.0,"[1024.7545, 8540.364800000001]","[(361.29, 27.54), (649.71, 194.34)]","[344.735, 611.8000000000001]","[12.065, 138.01999999999998]","[377.845, 687.62]","[43.015, 250.66000000000003]",2025-09-22 07:32:23.421000-04:00,7
bird,2,C:\Users\anamk\projects\dataSets\birds.v4i.yolov11\train\labels\detectRaw_1758540743586_area_13482_motion_405_jpg.rf.296242a014db8b090a4e02f26fd1fe6d.txt,C:\Users\anamk\projects\dataSets\birds.v4i.yolov11\train\images\detectRaw_1758540743586_area_13482_motion_405_jpg.rf.296242a014db8b090a4e02f26fd1fe6d.jpg,"[1920, 1080]",1.7777777777777777,13482.0,"[13011.5894, 915.7152]","[(805.14, 279.11), (361.81, 27.17)]","[742.9549999999999, 346.425]","[226.8, 12.290000000000003]","[867.325, 377.195]","[331.42, 42.05]",2025-09-22 07:32:23.586000-04:00,7
bird,2,C:\Users\anamk\projects\dataSets\birds.v4i.yolov11\train\labels\detectRaw_1758540743745_area_12051_motion_406_jpg.rf.a65b10fd8a897c7256d206923159f358.txt,C:\Users\anamk\projects\dataSets\birds.v4i.yolov11\train\images\detectRaw_1758540743745_area_12051_motion_406_jpg.rf.a65b10fd8a897c7256d206923159f358.jpg,"[1920, 1080]",1.7777777777777777,12051.0,"[12002.7213, 1067.99]","[(924.17, 355.61), (360.93, 27.26)]","[865.385, 344.305]","[304.565, 11.200000000000003]","[982.9549999999999, 377.555]","[406.65500000000003, 43.32]",2025-09-22 07:32:23.745000-04:00,7
bird,2,C:\Users\anamk\projects\dataSets\birds.v4i.yolov11\valid\labels\detectRaw_1758540743893_area_1508_motion_407_jpg.rf.211b9aaf71f609491eb7e8305cc01f67.txt,C:\Users\anamk\projects\dataSets\birds.v4i.yolov11\valid\images\detectRaw_1758540743893_area_1508_motion_407_jpg.rf.211b9aaf71f609491eb7e8305cc01f67.jpg,"[1920, 1080]",1.7777777777777777,1508.0,"[10572.7194, 1107.3648]","[(1087.97, 511.6), (361.23, 27.96)]","[1014.64, 344.37]","[475.555, 11.54]","[1161.3, 378.09000000000003]","[547.645, 44.38]",2025-09-22 07:32:23.893000-04:00,7
bird,2,C:\Users\anamk\projects\dataSets\birds.v4i.yolov11\test\labels\detectRaw_1758540745196_area_1633_motion_409_jpg.rf.fbc34b441ab9828911316e5e717fe48c.txt,C:\Users\anamk\projects\dataSets\birds.v4i.yolov11\test\images\detectRaw_1758540745196_area_1633_motion_409_jpg.rf.fbc34b441ab9828911316e5e717fe48c.jpg,"[1920, 1080]",1.7777777777777777,1633.0,"[1602.41, 1088.8878]","[(1552.72, 759.45), (361.45, 29.81)]","[1517.885, 342.34]","[747.95, 15.565]","[1587.555, 380.56]","[770.95, 44.055]",2025-09-22 07:32:25.196000-04:00,7
bird,2,C:\Users\anamk\projects\dataSets\birds.v4i.yolov11\valid\labels\detectRaw_1758540745489_area_2016_motion_410_jpg.rf.624b9bc0d425c3e5de0fdd75a6c90d09.txt,C:\Users\anamk\projects\dataSets\birds.v4i.yolov11\valid\images\detectRaw_1758540745489_area_2016_motion_410_jpg.rf.624b9bc0d425c3e5de0fdd75a6c90d09.jpg,"[1920, 1080]",1.7777777777777777,2016.0,"[1153.8318, 2136.3815000000004]","[(361.09, 28.76), (1630.91, 753.12)]","[340.35999999999996, 1599.885]","[14.845000000000002, 735.905]","[381.82, 1661.9350000000002]","[42.675, 770.335]",2025-09-22 07:32:25.489000-04:00,7
bird,2,C:\Users\anamk\projects\dataSets\birds.v4i.yolov11\train\labels\detectRaw_1758540783719_area_3339_motion_417_jpg.rf.5c882bba994f660e50cc24d9626a89d5.txt,C:\Users\anamk\projects\dataSets\birds.v4i.yolov11\train\images\detectRaw_1758540783719_area_3339_motion_417_jpg.rf.5c882bba994f660e50cc24d9626a89d5.jpg,"[1920, 1080]",1.7777777777777777,3339.0,"[3838.57, 434.97220000000004]","[(1743.41, 963.66), (1912.43, 461.55)]","[1709.5900000000001, 1904.8600000000001]","[935.285, 447.185]","[1777.23, 1920.0]","[992.035, 475.915]",2025-09-22 07:33:03.719000-04:00,7
bird,2,C:\Users\anamk\projects\dataSets\birds.v4i.yolov11\train\labels\detectRaw_1758540783877_area_1040_motion_418_jpg.rf.c3055aafad14baabbde990f51cc500f7.txt,C:\Users\anamk\projects\dataSets\birds.v4i.yolov11\train\images\detectRaw_1758540783877_area_1040_motion_418_jpg.rf.c3055aafad14baabbde990f51cc500f7.jpg,"[1920, 1080]",1.7777777777777777,1040.0,"[2940.6086999999998, 422.0336]","[(1893.47, 872.29), (1912.36, 461.3)]","[1866.935, 1904.7199999999998]","[844.5849999999999, 447.49]","[1920.005, 1920.0]","[899.995, 475.11]",2025-09-22 07:33:03.877000-04:00,7
bird,2,C:\Users\anamk\projects\dataSets\birds.v4i.yolov11\train\labels\detectRaw_1758540837754_area_12600_motion_420_jpg.rf.69e71ea4c46c6b9b8e5b92719f90aac6.txt,C:\Users\anamk\projects\dataSets\birds.v4i.yolov11\train\images\detectRaw_1758540837754_area_12600_motion_420_jpg.rf.69e71ea4c46c6b9b8e5b92719f90aac6.jpg,"[1920, 1080]",1.7777777777777777,12600.0,"[12356.364300000001, 523.7003]","[(420.36, 855.52), (1911.4, 461.41)]","[361.165, 1902.795]","[803.335, 446.19500000000005]","[479.555, 1920.005]","[907.7049999999999, 476.625]",2025-09-22 07:33:57.754000-04:00,7
bird,2,C:\Users\anamk\projects\dataSets\birds.v4i.yolov11\train\labels\detectRaw_1758540837894_area_9021_motion_421_jpg.rf.49c20de35968f1cc63329ba50058acfd.txt,C:\Users\anamk\projects\dataSets\birds.v4i.yolov11\train\images\detectRaw_1758540837894_area_9021_motion_421_jpg.rf.49c20de35968f1cc63329ba50058acfd.jpg,"[1920, 1080]",1.7777777777777777,9021.0,"[9475.3208, 519.4399999999999]","[(427.71, 689.64), (1911.4, 461.32)]","[380.63, 1902.8000000000002]","[639.325, 446.21999999999997]","[474.78999999999996, 1920.0]","[739.9549999999999, 476.42]",2025-09-22 07:33:57.894000-04:00,7
bird,2,C:\Users\anamk\projects\dataSets\birds.v4i.yolov11\valid\labels\detectRaw_1758540838172_area_9906_motion_422_jpg.rf.4abf856eaeb888322ec510fb4df0fb55.txt,C:\Users\anamk\projects\dataSets\birds.v4i.yolov11\valid\images\detectRaw_1758540838172_area_9906_motion_422_jpg.rf.4abf856eaeb888322ec510fb4df0fb55.jpg,"[1920, 1080]",1.7777777777777777,9906.0,"[9827.4096, 565.7968]","[(433.75, 382.7), (1910.9, 461.71)]","[395.73, 1902.015]","[318.08, 445.78999999999996]","[471.77, 1919.785]","[447.32, 477.63]",2025-09-22 07:33:58.172000-04:00,7
bird,2,C:\Users\anamk\projects\dataSets\birds.v4i.yolov11\train\labels\detectRaw_1758540838338_area_5025_motion_423_jpg.rf.cdd9bdf07e06447db0da29fd3da1cdee.txt,C:\Users\anamk\projects\dataSets\birds.v4i.yolov11\train\images\detectRaw_1758540838338_area_5025_motion_423_jpg.rf.cdd9bdf07e06447db0da29fd3da1cdee.jpg,"[1920, 1080]",1.7777777777777777,5025.0,"[492.5648, 4406.2679]","[(1911.16, 461.07), (406.06, 322.37)]","[1902.3200000000002, 374.645]","[447.14, 287.305]","[1920.0, 437.475]","[475.0, 357.435]",2025-09-22 07:33:58.338000-04:00,7
negative,0,C:\Users\anamk\projects\dataSets\birds.v4i.yolov11\train\labels\negative_1758548162573_area_0_32.txt,C:\Users\anamk\projects\dataSets\birds.v4i.yolov11\train\images\negative_1758548162573_area_0_32.jpg,"[1920, 1080]",1.7777777777777777,0.0,[],[],[],[],[],[],2025-09-22 09:36:02.573000-04:00,9
negative,0,C:\Users\anamk\projects\dataSets\birds.v4i.yolov11\train\labels\negative_1758570873292_area_0_95.txt,C:\Users\anamk\projects\dataSets\birds.v4i.yolov11\train\images\negative_1758570873292_area_0_95.jpg,"[1920, 1080]",1.7777777777777777,0.0,[],[],[],[],[],[],2025-09-22 15:54:33.292000-04:00,15
negative,0,C:\Users\anamk\projects\dataSets\birds.v4i.yolov11\test\labels\negative_1758627721656_area_0_143.txt,C:\Users\anamk\projects\dataSets\birds.v4i.yolov11\test\images\negative_1758627721656_area_0_143.jpg,"[1920, 1080]",1.7777777777777777,0.0,[],[],[],[],[],[],2025-09-23 07:42:01.656000-04:00,7
negative,0,C:\Users\anamk\projects\dataSets\birds.v4i.yolov11\valid\labels\negative_1758637084732_area_0_169.txt,C:\Users\anamk\projects\dataSets\birds.v4i.yolov11\valid\images\negative_1758637084732_area_0_169.jpg,"[1920, 1080]",1.7777777777777777,0.0,[],[],[],[],[],[],2025-09-23 10:18:04.732000-04:00,10
negative,0,C:\Users\anamk\projects\dataSets\birds.v4i.yolov11\test\labels\negative_1758641405809_area_0_181.txt,C:\Users\anamk\projects\dataSets\birds.v4i.yolov11\test\images\negative_1758641405809_area_0_181.jpg,"[1920, 1080]",1.7777777777777777,0.0,[],[],[],[],[],[],2025-09-23 11:30:05.809000-04:00,11
